2010-10-26 23:30:00+00:00,Boston Celtics,Miami Heat
2010-10-26 23:30:00+00:00,Los Angeles Lakers,Houston Rockets
2010-10-26 23:00:00+00:00,Portland Trail Blazers,Phoenix Suns
2010-10-27 23:00:00+00:00,Cleveland Cavaliers,Boston Celtics
2010-10-27 23:30:00+00:00,Dallas Mavericks,Charlotte Bobcats
2010-10-27 23:00:00+00:00,Denver Nuggets,Utah Jazz
2010-10-27 23:30:00+00:00,Golden State Warriors,Houston Rockets
2010-10-27 23:30:00+00:00,Los Angeles Clippers,Portland Trail Blazers
2010-10-27 23:00:00+00:00,Memphis Grizzlies,Atlanta Hawks
2010-10-27 23:00:00+00:00,Minnesota Timberwolves,Sacramento Kings
2010-10-27 23:00:00+00:00,New Jersey Nets,Detroit Pistons
2010-10-27 23:00:00+00:00,New Orleans Hornets,Milwaukee Bucks
2010-10-27 23:00:00+00:00,Oklahoma City Thunder,Chicago Bulls
2010-10-27 23:00:00+00:00,Philadelphia 76ers,Miami Heat
2010-10-27 23:30:00+00:00,San Antonio Spurs,Indiana Pacers
2010-10-27 23:00:00+00:00,Toronto Raptors,New York Knicks
2010-10-29 00:00:00+00:00,Orlando Magic,Washington Wizards
2010-10-29 00:30:00+00:00,Utah Jazz,Phoenix Suns
2010-10-29 23:30:00+00:00,Boston Celtics,New York Knicks
2010-10-29 23:00:00+00:00,Charlotte Bobcats,Indiana Pacers
2010-10-29 23:30:00+00:00,Dallas Mavericks,Memphis Grizzlies
2010-10-30 00:00:00+00:00,Detroit Pistons,Oklahoma City Thunder
2010-10-29 23:30:00+00:00,Golden State Warriors,Los Angeles Clippers
2010-10-30 00:00:00+00:00,Miami Heat,Orlando Magic
2010-10-29 23:00:00+00:00,Minnesota Timberwolves,Milwaukee Bucks
2010-10-29 23:00:00+00:00,New Jersey Nets,Sacramento Kings
2010-10-29 23:00:00+00:00,New Orleans Hornets,Denver Nuggets
2010-10-29 23:00:00+00:00,Philadelphia 76ers,Atlanta Hawks
2010-10-29 23:30:00+00:00,Phoenix Suns,Los Angeles Lakers
2010-10-29 23:00:00+00:00,Toronto Raptors,Cleveland Cavaliers
2010-10-30 23:00:00+00:00,Atlanta Hawks,Washington Wizards
2010-10-30 23:00:00+00:00,Chicago Bulls,Detroit Pistons
2010-10-30 23:30:00+00:00,Cleveland Cavaliers,Sacramento Kings
2010-10-30 23:30:00+00:00,Houston Rockets,Denver Nuggets
2010-10-31 00:00:00+00:00,Indiana Pacers,Philadelphia 76ers
2010-10-30 23:00:00+00:00,Memphis Grizzlies,Minnesota Timberwolves
2010-10-30 23:30:00+00:00,Milwaukee Bucks,Charlotte Bobcats
2010-10-30 23:30:00+00:00,New York Knicks,Portland Trail Blazers
2010-10-30 23:30:00+00:00,San Antonio Spurs,New Orleans Hornets
2010-10-31 16:30:00+00:00,Los Angeles Clippers,Dallas Mavericks
2010-10-31 22:30:00+00:00,Los Angeles Lakers,Golden State Warriors
2010-10-31 17:00:00+00:00,New Jersey Nets,Miami Heat
2010-10-31 22:00:00+00:00,Oklahoma City Thunder,Utah Jazz
2010-11-01 23:00:00+00:00,Chicago Bulls,Portland Trail Blazers
2010-11-01 23:30:00+00:00,Los Angeles Clippers,San Antonio Spurs
2010-11-01 23:00:00+00:00,Sacramento Kings,Toronto Raptors
2010-11-02 23:00:00+00:00,Cleveland Cavaliers,Atlanta Hawks
2010-11-02 23:30:00+00:00,Detroit Pistons,Boston Celtics
2010-11-02 23:30:00+00:00,Los Angeles Lakers,Memphis Grizzlies
2010-11-02 23:30:00+00:00,Miami Heat,Minnesota Timberwolves
2010-11-02 23:00:00+00:00,Milwaukee Bucks,Portland Trail Blazers
2010-11-02 23:00:00+00:00,Washington Wizards,Philadelphia 76ers
2010-11-03 23:00:00+00:00,Atlanta Hawks,Detroit Pistons
2010-11-04 00:00:00+00:00,Boston Celtics,Milwaukee Bucks
2010-11-03 23:00:00+00:00,Denver Nuggets,Dallas Mavericks
2010-11-03 23:30:00+00:00,Golden State Warriors,Memphis Grizzlies
2010-11-03 23:30:00+00:00,Houston Rockets,New Orleans Hornets
2010-11-03 23:30:00+00:00,Los Angeles Clippers,Oklahoma City Thunder
2010-11-03 23:00:00+00:00,New Jersey Nets,Charlotte Bobcats
2010-11-03 23:00:00+00:00,Orlando Magic,Minnesota Timberwolves
2010-11-03 23:00:00+00:00,Philadelphia 76ers,Indiana Pacers
2010-11-03 23:00:00+00:00,Phoenix Suns,San Antonio Spurs
2010-11-03 23:30:00+00:00,Sacramento Kings,Los Angeles Lakers
2010-11-03 23:00:00+00:00,Utah Jazz,Toronto Raptors
2010-11-04 23:00:00+00:00,Chicago Bulls,New York Knicks
2010-11-04 23:30:00+00:00,Portland Trail Blazers,Oklahoma City Thunder
2010-11-06 00:00:00+00:00,Boston Celtics,Chicago Bulls
2010-11-06 00:30:00+00:00,Denver Nuggets,Los Angeles Clippers
2010-11-05 23:30:00+00:00,Detroit Pistons,Charlotte Bobcats
2010-11-05 23:30:00+00:00,Golden State Warriors,Utah Jazz
2010-11-05 23:00:00+00:00,Indiana Pacers,Milwaukee Bucks
2010-11-05 23:30:00+00:00,Los Angeles Lakers,Toronto Raptors
2010-11-05 23:00:00+00:00,Minnesota Timberwolves,Atlanta Hawks
2010-11-05 23:00:00+00:00,New Orleans Hornets,Miami Heat
2010-11-05 23:30:00+00:00,New York Knicks,Washington Wizards
2010-11-05 23:00:00+00:00,Orlando Magic,New Jersey Nets
2010-11-05 23:00:00+00:00,Philadelphia 76ers,Cleveland Cavaliers
2010-11-05 23:00:00+00:00,Phoenix Suns,Memphis Grizzlies
2010-11-06 23:00:00+00:00,Charlotte Bobcats,Orlando Magic
2010-11-07 00:00:00+00:00,Dallas Mavericks,Denver Nuggets
2010-11-06 23:30:00+00:00,Miami Heat,New Jersey Nets
2010-11-06 23:30:00+00:00,Milwaukee Bucks,New Orleans Hornets
2010-11-06 23:00:00+00:00,Portland Trail Blazers,Toronto Raptors
2010-11-06 23:00:00+00:00,Sacramento Kings,Memphis Grizzlies
2010-11-06 23:30:00+00:00,San Antonio Spurs,Houston Rockets
2010-11-06 23:00:00+00:00,Utah Jazz,Los Angeles Clippers
2010-11-06 23:00:00+00:00,Washington Wizards,Cleveland Cavaliers
2010-11-07 22:00:00+00:00,Atlanta Hawks,Phoenix Suns
2010-11-07 23:00:00+00:00,Detroit Pistons,Golden State Warriors
2010-11-07 23:00:00+00:00,Houston Rockets,Minnesota Timberwolves
2010-11-07 23:30:00+00:00,Los Angeles Lakers,Portland Trail Blazers
2010-11-07 17:00:00+00:00,New York Knicks,Philadelphia 76ers
2010-11-07 23:00:00+00:00,Oklahoma City Thunder,Boston Celtics
2010-11-09 00:00:00+00:00,Charlotte Bobcats,San Antonio Spurs
2010-11-09 00:00:00+00:00,Chicago Bulls,Denver Nuggets
2010-11-09 00:30:00+00:00,Dallas Mavericks,Boston Celtics
2010-11-09 00:00:00+00:00,Memphis Grizzlies,Phoenix Suns
2010-11-09 00:00:00+00:00,Orlando Magic,Atlanta Hawks
2010-11-09 00:00:00+00:00,Toronto Raptors,Golden State Warriors
2010-11-10 00:00:00+00:00,Indiana Pacers,Denver Nuggets
2010-11-10 00:30:00+00:00,Los Angeles Lakers,Minnesota Timberwolves
2010-11-10 00:30:00+00:00,Miami Heat,Utah Jazz
2010-11-10 00:00:00+00:00,Milwaukee Bucks,New York Knicks
2010-11-10 00:00:00+00:00,New Jersey Nets,Cleveland Cavaliers
2010-11-10 00:00:00+00:00,New Orleans Hornets,Los Angeles Clippers
2010-11-10 00:00:00+00:00,Portland Trail Blazers,Detroit Pistons
2010-11-11 00:00:00+00:00,Atlanta Hawks,Milwaukee Bucks
2010-11-11 00:30:00+00:00,Cleveland Cavaliers,New Jersey Nets
2010-11-11 00:00:00+00:00,Memphis Grizzlies,Dallas Mavericks
2010-11-11 00:30:00+00:00,New York Knicks,Golden State Warriors
2010-11-11 00:00:00+00:00,Oklahoma City Thunder,Philadelphia 76ers
2010-11-11 00:00:00+00:00,Orlando Magic,Utah Jazz
2010-11-11 00:00:00+00:00,Sacramento Kings,Minnesota Timberwolves
2010-11-11 01:30:00+00:00,San Antonio Spurs,Los Angeles Clippers
2010-11-11 00:00:00+00:00,Toronto Raptors,Charlotte Bobcats
2010-11-11 00:00:00+00:00,Washington Wizards,Houston Rockets
2010-11-12 00:00:00+00:00,Chicago Bulls,Golden State Warriors
2010-11-12 01:30:00+00:00,Denver Nuggets,Los Angeles Lakers
2010-11-12 01:00:00+00:00,Miami Heat,Boston Celtics
2010-11-13 00:00:00+00:00,Atlanta Hawks,Utah Jazz
2010-11-13 00:30:00+00:00,Dallas Mavericks,Philadelphia 76ers
2010-11-13 00:00:00+00:00,Indiana Pacers,Houston Rockets
2010-11-13 00:30:00+00:00,Los Angeles Clippers,Detroit Pistons
2010-11-13 00:00:00+00:00,Minnesota Timberwolves,New York Knicks
2010-11-13 01:30:00+00:00,Oklahoma City Thunder,Portland Trail Blazers
2010-11-13 00:00:00+00:00,Orlando Magic,Toronto Raptors
2010-11-13 00:00:00+00:00,Phoenix Suns,Sacramento Kings
2010-11-13 00:00:00+00:00,Washington Wizards,Charlotte Bobcats
2010-11-14 00:00:00+00:00,Charlotte Bobcats,Utah Jazz
2010-11-14 00:00:00+00:00,Chicago Bulls,Washington Wizards
2010-11-14 00:30:00+00:00,Cleveland Cavaliers,Indiana Pacers
2010-11-14 00:00:00+00:00,Memphis Grizzlies,Boston Celtics
2010-11-14 00:30:00+00:00,Miami Heat,Toronto Raptors
2010-11-14 00:30:00+00:00,Milwaukee Bucks,Golden State Warriors
2010-11-14 00:00:00+00:00,New Jersey Nets,Orlando Magic
2010-11-14 00:00:00+00:00,New Orleans Hornets,Portland Trail Blazers
2010-11-14 00:30:00+00:00,San Antonio Spurs,Philadelphia 76ers
2010-11-14 19:00:00+00:00,Atlanta Hawks,Minnesota Timberwolves
2010-11-14 23:30:00+00:00,Los Angeles Lakers,Phoenix Suns
2010-11-15 00:30:00+00:00,New York Knicks,Houston Rockets
2010-11-14 23:00:00+00:00,Oklahoma City Thunder,San Antonio Spurs
2010-11-14 20:00:00+00:00,Sacramento Kings,Detroit Pistons
2010-11-16 00:00:00+00:00,Charlotte Bobcats,Minnesota Timberwolves
2010-11-16 00:30:00+00:00,Dallas Mavericks,New Orleans Hornets
2010-11-16 00:30:00+00:00,Golden State Warriors,Detroit Pistons
2010-11-16 00:30:00+00:00,Los Angeles Clippers,New Jersey Nets
2010-11-16 00:00:00+00:00,Orlando Magic,Memphis Grizzlies
2010-11-16 00:00:00+00:00,Phoenix Suns,Denver Nuggets
2010-11-16 00:00:00+00:00,Utah Jazz,Oklahoma City Thunder
2010-11-17 00:00:00+00:00,Cleveland Cavaliers,Philadelphia 76ers
2010-11-17 00:00:00+00:00,Denver Nuggets,New York Knicks
2010-11-17 00:30:00+00:00,Houston Rockets,Chicago Bulls
2010-11-17 00:00:00+00:00,Indiana Pacers,Atlanta Hawks
2010-11-17 00:00:00+00:00,Memphis Grizzlies,Portland Trail Blazers
2010-11-17 00:00:00+00:00,Milwaukee Bucks,Los Angeles Lakers
2010-11-17 00:00:00+00:00,Washington Wizards,Toronto Raptors
2010-11-18 00:30:00+00:00,Boston Celtics,Washington Wizards
2010-11-18 00:30:00+00:00,Detroit Pistons,Los Angeles Lakers
2010-11-18 00:00:00+00:00,Miami Heat,Phoenix Suns
2010-11-18 00:00:00+00:00,Minnesota Timberwolves,Los Angeles Clippers
2010-11-18 00:00:00+00:00,New Orleans Hornets,Dallas Mavericks
2010-11-18 00:00:00+00:00,Oklahoma City Thunder,Houston Rockets
2010-11-18 00:00:00+00:00,Philadelphia 76ers,Toronto Raptors
2010-11-18 00:00:00+00:00,Sacramento Kings,New York Knicks
2010-11-18 01:30:00+00:00,San Antonio Spurs,Chicago Bulls
2010-11-18 00:00:00+00:00,Utah Jazz,New Jersey Nets
2010-11-19 00:00:00+00:00,Indiana Pacers,Los Angeles Clippers
2010-11-19 01:00:00+00:00,Orlando Magic,Phoenix Suns
2010-11-19 00:30:00+00:00,Portland Trail Blazers,Denver Nuggets
2010-11-20 00:00:00+00:00,Boston Celtics,Oklahoma City Thunder
2010-11-20 01:30:00+00:00,Dallas Mavericks,Chicago Bulls
2010-11-20 00:30:00+00:00,Golden State Warriors,New York Knicks
2010-11-20 00:30:00+00:00,Miami Heat,Charlotte Bobcats
2010-11-20 00:00:00+00:00,Minnesota Timberwolves,Los Angeles Lakers
2010-11-20 00:00:00+00:00,New Orleans Hornets,Cleveland Cavaliers
2010-11-20 00:00:00+00:00,Philadelphia 76ers,Milwaukee Bucks
2010-11-20 00:00:00+00:00,Sacramento Kings,New Jersey Nets
2010-11-20 00:00:00+00:00,Toronto Raptors,Houston Rockets
2010-11-20 00:00:00+00:00,Utah Jazz,San Antonio Spurs
2010-11-20 00:00:00+00:00,Washington Wizards,Memphis Grizzlies
2010-11-21 01:00:00+00:00,Atlanta Hawks,Dallas Mavericks
2010-11-21 00:00:00+00:00,Charlotte Bobcats,Phoenix Suns
2010-11-21 00:00:00+00:00,Denver Nuggets,New Jersey Nets
2010-11-21 00:00:00+00:00,Indiana Pacers,Orlando Magic
2010-11-21 00:30:00+00:00,Los Angeles Clippers,New York Knicks
2010-11-21 00:00:00+00:00,Memphis Grizzlies,Miami Heat
2010-11-21 00:30:00+00:00,Milwaukee Bucks,Oklahoma City Thunder
2010-11-21 00:00:00+00:00,Portland Trail Blazers,Utah Jazz
2010-11-21 00:30:00+00:00,San Antonio Spurs,Cleveland Cavaliers
2010-11-21 23:00:00+00:00,Detroit Pistons,Washington Wizards
2010-11-21 23:30:00+00:00,Los Angeles Lakers,Golden State Warriors
2010-11-21 20:00:00+00:00,Sacramento Kings,New Orleans Hornets
2010-11-21 18:00:00+00:00,Toronto Raptors,Boston Celtics
2010-11-23 00:00:00+00:00,Atlanta Hawks,Boston Celtics
2010-11-23 00:30:00+00:00,Golden State Warriors,Denver Nuggets
2010-11-23 00:30:00+00:00,Houston Rockets,Phoenix Suns
2010-11-23 00:30:00+00:00,Los Angeles Clippers,New Orleans Hornets
2010-11-23 00:30:00+00:00,Miami Heat,Indiana Pacers
2010-11-23 00:00:00+00:00,Oklahoma City Thunder,Minnesota Timberwolves
2010-11-23 00:30:00+00:00,San Antonio Spurs,Orlando Magic
2010-11-23 00:00:00+00:00,Utah Jazz,Sacramento Kings
2010-11-24 00:30:00+00:00,Dallas Mavericks,Detroit Pistons
2010-11-24 00:00:00+00:00,Indiana Pacers,Cleveland Cavaliers
2010-11-24 00:30:00+00:00,Los Angeles Lakers,Chicago Bulls
2010-11-24 00:00:00+00:00,New Jersey Nets,Atlanta Hawks
2010-11-24 00:30:00+00:00,New York Knicks,Charlotte Bobcats
2010-11-24 00:00:00+00:00,Washington Wizards,Philadelphia 76ers
2010-11-25 00:30:00+00:00,Boston Celtics,New Jersey Nets
2010-11-25 00:00:00+00:00,Charlotte Bobcats,New York Knicks
2010-11-25 00:00:00+00:00,Cleveland Cavaliers,Milwaukee Bucks
2010-11-25 00:30:00+00:00,Houston Rockets,Golden State Warriors
2010-11-25 00:00:00+00:00,Memphis Grizzlies,Detroit Pistons
2010-11-25 00:00:00+00:00,Minnesota Timberwolves,San Antonio Spurs
2010-11-25 00:00:00+00:00,Oklahoma City Thunder,Dallas Mavericks
2010-11-25 00:30:00+00:00,Orlando Magic,Miami Heat
2010-11-25 00:00:00+00:00,Phoenix Suns,Chicago Bulls
2010-11-25 00:00:00+00:00,Toronto Raptors,Philadelphia 76ers
2010-11-25 00:00:00+00:00,Utah Jazz,New Orleans Hornets
2010-11-26 01:00:00+00:00,Atlanta Hawks,Washington Wizards
2010-11-26 00:30:00+00:00,Los Angeles Clippers,Sacramento Kings
2010-11-27 00:30:00+00:00,Boston Celtics,Toronto Raptors
2010-11-27 00:00:00+00:00,Charlotte Bobcats,Houston Rockets
2010-11-27 00:00:00+00:00,Denver Nuggets,Chicago Bulls
2010-11-27 00:30:00+00:00,Detroit Pistons,Milwaukee Bucks
2010-11-27 01:00:00+00:00,Indiana Pacers,Oklahoma City Thunder
2010-11-27 01:30:00+00:00,Memphis Grizzlies,Golden State Warriors
2010-11-27 00:30:00+00:00,Miami Heat,Philadelphia 76ers
2010-11-27 00:00:00+00:00,Orlando Magic,Cleveland Cavaliers
2010-11-27 00:00:00+00:00,Phoenix Suns,Los Angeles Clippers
2010-11-27 00:00:00+00:00,Portland Trail Blazers,New Orleans Hornets
2010-11-27 00:30:00+00:00,San Antonio Spurs,Dallas Mavericks
2010-11-27 00:00:00+00:00,Utah Jazz,Los Angeles Lakers
2010-11-28 00:30:00+00:00,Cleveland Cavaliers,Memphis Grizzlies
2010-11-28 00:30:00+00:00,Dallas Mavericks,Miami Heat
2010-11-28 01:00:00+00:00,Milwaukee Bucks,Charlotte Bobcats
2010-11-28 00:00:00+00:00,Minnesota Timberwolves,Golden State Warriors
2010-11-27 18:00:00+00:00,New York Knicks,Atlanta Hawks
2010-11-28 00:30:00+00:00,Philadelphia 76ers,New Jersey Nets
2010-11-28 00:00:00+00:00,Sacramento Kings,Chicago Bulls
2010-11-28 00:00:00+00:00,Washington Wizards,Orlando Magic
2010-11-28 23:00:00+00:00,Denver Nuggets,Phoenix Suns
2010-11-28 18:30:00+00:00,Detroit Pistons,New York Knicks
2010-11-28 23:00:00+00:00,Houston Rockets,Oklahoma City Thunder
2010-11-28 17:30:00+00:00,Los Angeles Clippers,Utah Jazz
2010-11-28 23:30:00+00:00,Los Angeles Lakers,Indiana Pacers
2010-11-29 00:00:00+00:00,New Jersey Nets,Portland Trail Blazers
2010-11-28 19:00:00+00:00,New Orleans Hornets,San Antonio Spurs
2010-11-28 18:00:00+00:00,Toronto Raptors,Atlanta Hawks
2010-11-30 00:30:00+00:00,Dallas Mavericks,Houston Rockets
2010-11-30 00:30:00+00:00,Miami Heat,Washington Wizards
2010-11-30 00:00:00+00:00,Oklahoma City Thunder,New Orleans Hornets
2010-11-30 00:00:00+00:00,Utah Jazz,Milwaukee Bucks
2010-12-01 00:00:00+00:00,Cleveland Cavaliers,Boston Celtics
2010-12-01 00:30:00+00:00,Golden State Warriors,San Antonio Spurs
2010-12-01 00:00:00+00:00,Memphis Grizzlies,Los Angeles Lakers
2010-12-01 00:30:00+00:00,New York Knicks,New Jersey Nets
2010-12-01 00:00:00+00:00,Orlando Magic,Detroit Pistons
2010-12-01 00:00:00+00:00,Philadelphia 76ers,Portland Trail Blazers
2010-12-01 00:00:00+00:00,Sacramento Kings,Indiana Pacers
2010-12-02 00:00:00+00:00,Atlanta Hawks,Memphis Grizzlies
2010-12-02 00:30:00+00:00,Boston Celtics,Portland Trail Blazers
2010-12-02 00:00:00+00:00,Chicago Bulls,Orlando Magic
2010-12-02 00:30:00+00:00,Dallas Mavericks,Minnesota Timberwolves
2010-12-02 00:00:00+00:00,Denver Nuggets,Milwaukee Bucks
2010-12-02 00:30:00+00:00,Houston Rockets,Los Angeles Lakers
2010-12-02 00:30:00+00:00,Los Angeles Clippers,San Antonio Spurs
2010-12-02 00:30:00+00:00,Miami Heat,Detroit Pistons
2010-12-02 00:00:00+00:00,New Jersey Nets,Oklahoma City Thunder
2010-12-02 00:00:00+00:00,New Orleans Hornets,Charlotte Bobcats
2010-12-02 00:00:00+00:00,Toronto Raptors,Washington Wizards
2010-12-02 00:00:00+00:00,Utah Jazz,Indiana Pacers
2010-12-03 01:00:00+00:00,Cleveland Cavaliers,Miami Heat
2010-12-03 00:30:00+00:00,Golden State Warriors,Phoenix Suns
2010-12-04 00:30:00+00:00,Atlanta Hawks,Philadelphia 76ers
2010-12-04 01:00:00+00:00,Boston Celtics,Chicago Bulls
2010-12-04 00:00:00+00:00,Charlotte Bobcats,New Jersey Nets
2010-12-04 00:00:00+00:00,Denver Nuggets,Los Angeles Clippers
2010-12-04 00:30:00+00:00,Detroit Pistons,Orlando Magic
2010-12-04 00:30:00+00:00,Los Angeles Lakers,Sacramento Kings
2010-12-04 00:00:00+00:00,Memphis Grizzlies,Houston Rockets
2010-12-04 00:00:00+00:00,New Orleans Hornets,New York Knicks
2010-12-04 00:00:00+00:00,Phoenix Suns,Indiana Pacers
2010-12-04 00:30:00+00:00,San Antonio Spurs,Minnesota Timberwolves
2010-12-04 00:00:00+00:00,Toronto Raptors,Oklahoma City Thunder
2010-12-04 01:30:00+00:00,Utah Jazz,Dallas Mavericks
2010-12-04 00:00:00+00:00,Washington Wizards,Portland Trail Blazers
2010-12-05 00:00:00+00:00,Chicago Bulls,Houston Rockets
2010-12-05 00:30:00+00:00,Miami Heat,Atlanta Hawks
2010-12-05 00:30:00+00:00,Milwaukee Bucks,Orlando Magic
2010-12-05 00:00:00+00:00,Minnesota Timberwolves,Cleveland Cavaliers
2010-12-05 00:30:00+00:00,Philadelphia 76ers,Charlotte Bobcats
2010-12-05 00:00:00+00:00,Sacramento Kings,Dallas Mavericks
2010-12-05 23:00:00+00:00,Denver Nuggets,Memphis Grizzlies
2010-12-05 23:00:00+00:00,Detroit Pistons,Cleveland Cavaliers
2010-12-05 18:00:00+00:00,New Jersey Nets,Boston Celtics
2010-12-05 23:00:00+00:00,Oklahoma City Thunder,Golden State Warriors
2010-12-05 23:00:00+00:00,Phoenix Suns,Washington Wizards
2010-12-05 23:00:00+00:00,Portland Trail Blazers,Los Angeles Clippers
2010-12-05 23:00:00+00:00,San Antonio Spurs,New Orleans Hornets
2010-12-05 18:00:00+00:00,Toronto Raptors,New York Knicks
2010-12-07 00:00:00+00:00,Chicago Bulls,Oklahoma City Thunder
2010-12-07 00:00:00+00:00,Indiana Pacers,Toronto Raptors
2010-12-07 00:30:00+00:00,Los Angeles Clippers,Sacramento Kings
2010-12-07 00:00:00+00:00,Milwaukee Bucks,Miami Heat
2010-12-07 00:30:00+00:00,New York Knicks,Minnesota Timberwolves
2010-12-07 00:00:00+00:00,Orlando Magic,Atlanta Hawks
2010-12-07 00:00:00+00:00,Utah Jazz,Memphis Grizzlies
2010-12-08 00:00:00+00:00,Atlanta Hawks,New Jersey Nets
2010-12-08 00:00:00+00:00,Charlotte Bobcats,Denver Nuggets
2010-12-08 00:30:00+00:00,Dallas Mavericks,Golden State Warriors
2010-12-08 00:30:00+00:00,Houston Rockets,Detroit Pistons
2010-12-08 00:30:00+00:00,Los Angeles Lakers,Washington Wizards
2010-12-08 00:00:00+00:00,Philadelphia 76ers,Cleveland Cavaliers
2010-12-08 00:00:00+00:00,Portland Trail Blazers,Phoenix Suns
2010-12-09 00:00:00+00:00,Boston Celtics,Denver Nuggets
2010-12-09 00:00:00+00:00,Cleveland Cavaliers,Chicago Bulls
2010-12-09 00:30:00+00:00,Los Angeles Clippers,Los Angeles Lakers
2010-12-09 00:00:00+00:00,Milwaukee Bucks,Indiana Pacers
2010-12-09 00:00:00+00:00,Minnesota Timberwolves,Oklahoma City Thunder
2010-12-09 00:00:00+00:00,New Orleans Hornets,Detroit Pistons
2010-12-09 00:30:00+00:00,New York Knicks,Toronto Raptors
2010-12-09 00:00:00+00:00,Phoenix Suns,Memphis Grizzlies
2010-12-09 00:00:00+00:00,Sacramento Kings,Washington Wizards
2010-12-09 00:30:00+00:00,San Antonio Spurs,Golden State Warriors
2010-12-09 00:00:00+00:00,Utah Jazz,Miami Heat
2010-12-10 00:30:00+00:00,Dallas Mavericks,New Jersey Nets
2010-12-10 01:00:00+00:00,Philadelphia 76ers,Boston Celtics
2010-12-10 00:30:00+00:00,Portland Trail Blazers,Orlando Magic
2010-12-11 00:00:00+00:00,Chicago Bulls,Los Angeles Lakers
2010-12-11 00:30:00+00:00,Golden State Warriors,Miami Heat
2010-12-11 00:00:00+00:00,Indiana Pacers,Charlotte Bobcats
2010-12-11 00:30:00+00:00,Milwaukee Bucks,Houston Rockets
2010-12-11 00:00:00+00:00,Minnesota Timberwolves,Detroit Pistons
2010-12-11 00:00:00+00:00,New Orleans Hornets,Oklahoma City Thunder
2010-12-11 00:00:00+00:00,Phoenix Suns,Portland Trail Blazers
2010-12-11 00:30:00+00:00,San Antonio Spurs,Atlanta Hawks
2010-12-11 00:00:00+00:00,Toronto Raptors,Denver Nuggets
2010-12-11 00:00:00+00:00,Utah Jazz,Orlando Magic
2010-12-11 00:00:00+00:00,Washington Wizards,New York Knicks
2010-12-12 00:00:00+00:00,Atlanta Hawks,Indiana Pacers
2010-12-12 00:00:00+00:00,Charlotte Bobcats,Boston Celtics
2010-12-12 00:00:00+00:00,Chicago Bulls,Minnesota Timberwolves
2010-12-12 00:30:00+00:00,Dallas Mavericks,Utah Jazz
2010-12-12 00:30:00+00:00,Detroit Pistons,Toronto Raptors
2010-12-12 00:30:00+00:00,Houston Rockets,Cleveland Cavaliers
2010-12-11 17:30:00+00:00,Los Angeles Clippers,Memphis Grizzlies
2010-12-12 00:00:00+00:00,Sacramento Kings,Miami Heat
2010-12-12 23:30:00+00:00,Los Angeles Clippers,Orlando Magic
2010-12-12 18:00:00+00:00,New Jersey Nets,Los Angeles Lakers
2010-12-12 17:00:00+00:00,New York Knicks,Denver Nuggets
2010-12-12 23:00:00+00:00,Oklahoma City Thunder,Cleveland Cavaliers
2010-12-12 17:00:00+00:00,Philadelphia 76ers,New Orleans Hornets
2010-12-12 19:30:00+00:00,San Antonio Spurs,Portland Trail Blazers
2010-12-14 00:00:00+00:00,Chicago Bulls,Indiana Pacers
2010-12-14 00:30:00+00:00,Dallas Mavericks,Milwaukee Bucks
2010-12-14 00:00:00+00:00,Memphis Grizzlies,Portland Trail Blazers
2010-12-14 00:30:00+00:00,Miami Heat,New Orleans Hornets
2010-12-14 00:00:00+00:00,Utah Jazz,Golden State Warriors
2010-12-15 00:00:00+00:00,Charlotte Bobcats,Toronto Raptors
2010-12-15 00:00:00+00:00,Denver Nuggets,Orlando Magic
2010-12-15 00:30:00+00:00,Detroit Pistons,Atlanta Hawks
2010-12-15 00:30:00+00:00,Golden State Warriors,Minnesota Timberwolves
2010-12-15 00:30:00+00:00,Houston Rockets,Sacramento Kings
2010-12-15 00:00:00+00:00,New Jersey Nets,Philadelphia 76ers
2010-12-15 00:00:00+00:00,Washington Wizards,Los Angeles Lakers
2010-12-16 01:30:00+00:00,Dallas Mavericks,Portland Trail Blazers
2010-12-16 00:00:00+00:00,Indiana Pacers,Los Angeles Lakers
2010-12-16 00:00:00+00:00,Memphis Grizzlies,Charlotte Bobcats
2010-12-16 00:30:00+00:00,Miami Heat,Cleveland Cavaliers
2010-12-16 00:00:00+00:00,New Orleans Hornets,Sacramento Kings
2010-12-16 00:00:00+00:00,New York Knicks,Boston Celtics
2010-12-16 00:00:00+00:00,Oklahoma City Thunder,Houston Rockets
2010-12-16 00:00:00+00:00,Philadelphia 76ers,Los Angeles Clippers
2010-12-16 00:00:00+00:00,Phoenix Suns,Minnesota Timberwolves
2010-12-16 00:30:00+00:00,San Antonio Spurs,Milwaukee Bucks
2010-12-16 00:00:00+00:00,Toronto Raptors,Chicago Bulls
2010-12-17 01:00:00+00:00,Boston Celtics,Atlanta Hawks
2010-12-17 01:30:00+00:00,Denver Nuggets,San Antonio Spurs
2010-12-17 00:00:00+00:00,New Jersey Nets,Washington Wizards
2010-12-18 00:30:00+00:00,Atlanta Hawks,Charlotte Bobcats
2010-12-18 01:30:00+00:00,Dallas Mavericks,Phoenix Suns
2010-12-18 00:30:00+00:00,Detroit Pistons,Los Angeles Clippers
2010-12-18 00:30:00+00:00,Houston Rockets,Memphis Grizzlies
2010-12-18 00:00:00+00:00,Indiana Pacers,Cleveland Cavaliers
2010-12-18 00:00:00+00:00,New Orleans Hornets,Utah Jazz
2010-12-18 00:00:00+00:00,New York Knicks,Miami Heat
2010-12-18 00:00:00+00:00,Oklahoma City Thunder,Sacramento Kings
2010-12-18 00:00:00+00:00,Philadelphia 76ers,Los Angeles Lakers
2010-12-18 00:00:00+00:00,Portland Trail Blazers,Minnesota Timberwolves
2010-12-18 00:00:00+00:00,Toronto Raptors,New Jersey Nets
2010-12-19 00:00:00+00:00,Chicago Bulls,Los Angeles Clippers
2010-12-19 00:30:00+00:00,Cleveland Cavaliers,New York Knicks
2010-12-19 00:00:00+00:00,Denver Nuggets,Minnesota Timberwolves
2010-12-19 00:30:00+00:00,Milwaukee Bucks,Utah Jazz
2010-12-19 00:00:00+00:00,Orlando Magic,Philadelphia 76ers
2010-12-19 00:00:00+00:00,Portland Trail Blazers,Golden State Warriors
2010-12-19 00:30:00+00:00,San Antonio Spurs,Memphis Grizzlies
2010-12-19 00:00:00+00:00,Washington Wizards,Miami Heat
2010-12-19 18:00:00+00:00,Boston Celtics,Indiana Pacers
2010-12-19 23:00:00+00:00,Detroit Pistons,New Orleans Hornets
2010-12-19 18:00:00+00:00,New Jersey Nets,Atlanta Hawks
2010-12-19 23:00:00+00:00,Oklahoma City Thunder,Phoenix Suns
2010-12-19 20:00:00+00:00,Sacramento Kings,Houston Rockets
2010-12-19 18:00:00+00:00,Toronto Raptors,Los Angeles Lakers
2010-12-21 00:00:00+00:00,Atlanta Hawks,Orlando Magic
2010-12-21 00:00:00+00:00,Cleveland Cavaliers,Utah Jazz
2010-12-21 00:30:00+00:00,Golden State Warriors,Houston Rockets
2010-12-21 00:00:00+00:00,Indiana Pacers,New Orleans Hornets
2010-12-21 00:30:00+00:00,Los Angeles Clippers,Minnesota Timberwolves
2010-12-21 00:30:00+00:00,Miami Heat,Dallas Mavericks
2010-12-21 00:00:00+00:00,Portland Trail Blazers,Milwaukee Bucks
2010-12-21 00:30:00+00:00,San Antonio Spurs,Phoenix Suns
2010-12-21 00:00:00+00:00,Washington Wizards,Charlotte Bobcats
2010-12-22 00:00:00+00:00,Charlotte Bobcats,Oklahoma City Thunder
2010-12-22 00:00:00+00:00,Chicago Bulls,Philadelphia 76ers
2010-12-22 00:30:00+00:00,Los Angeles Lakers,Milwaukee Bucks
2010-12-22 00:00:00+00:00,Memphis Grizzlies,New Jersey Nets
2010-12-22 00:00:00+00:00,Orlando Magic,Dallas Mavericks
2010-12-22 00:00:00+00:00,Sacramento Kings,Golden State Warriors
2010-12-23 00:00:00+00:00,Atlanta Hawks,Cleveland Cavaliers
2010-12-23 00:30:00+00:00,Boston Celtics,Philadelphia 76ers
2010-12-23 00:30:00+00:00,Los Angeles Clippers,Houston Rockets
2010-12-23 00:00:00+00:00,Minnesota Timberwolves,Utah Jazz
2010-12-23 00:00:00+00:00,New Orleans Hornets,New Jersey Nets
2010-12-23 00:30:00+00:00,New York Knicks,Oklahoma City Thunder
2010-12-23 00:30:00+00:00,San Antonio Spurs,Denver Nuggets
2010-12-23 00:00:00+00:00,Toronto Raptors,Detroit Pistons
2010-12-23 00:00:00+00:00,Washington Wizards,Chicago Bulls
2010-12-24 01:00:00+00:00,Orlando Magic,San Antonio Spurs
2010-12-24 01:30:00+00:00,Phoenix Suns,Miami Heat
2010-12-24 00:00:00+00:00,Sacramento Kings,Milwaukee Bucks
2010-12-26 00:30:00+00:00,Golden State Warriors,Portland Trail Blazers
2010-12-25 19:00:00+00:00,Los Angeles Lakers,Miami Heat
2010-12-25 17:00:00+00:00,New York Knicks,Chicago Bulls
2010-12-26 00:00:00+00:00,Oklahoma City Thunder,Denver Nuggets
2010-12-25 19:30:00+00:00,Orlando Magic,Boston Celtics
2010-12-26 23:00:00+00:00,Cleveland Cavaliers,Minnesota Timberwolves
2010-12-26 23:00:00+00:00,Denver Nuggets,Philadelphia 76ers
2010-12-26 23:00:00+00:00,Detroit Pistons,Chicago Bulls
2010-12-27 00:00:00+00:00,Indiana Pacers,Memphis Grizzlies
2010-12-26 17:00:00+00:00,Los Angeles Clippers,Phoenix Suns
2010-12-26 23:00:00+00:00,New Orleans Hornets,Atlanta Hawks
2010-12-26 23:00:00+00:00,San Antonio Spurs,Washington Wizards
2010-12-28 00:00:00+00:00,Charlotte Bobcats,Detroit Pistons
2010-12-28 00:30:00+00:00,Golden State Warriors,Philadelphia 76ers
2010-12-28 00:30:00+00:00,Houston Rockets,Washington Wizards
2010-12-28 00:00:00+00:00,Memphis Grizzlies,Toronto Raptors
2010-12-28 00:00:00+00:00,Milwaukee Bucks,Atlanta Hawks
2010-12-28 00:00:00+00:00,Minnesota Timberwolves,New Orleans Hornets
2010-12-28 00:00:00+00:00,New Jersey Nets,Orlando Magic
2010-12-28 00:00:00+00:00,Oklahoma City Thunder,Dallas Mavericks
2010-12-28 00:00:00+00:00,Sacramento Kings,Los Angeles Clippers
2010-12-28 00:00:00+00:00,Utah Jazz,Portland Trail Blazers
2010-12-29 00:00:00+00:00,Chicago Bulls,Milwaukee Bucks
2010-12-29 00:00:00+00:00,Cleveland Cavaliers,Orlando Magic
2010-12-29 00:30:00+00:00,Dallas Mavericks,Toronto Raptors
2010-12-29 00:00:00+00:00,Denver Nuggets,Portland Trail Blazers
2010-12-29 00:00:00+00:00,Indiana Pacers,Boston Celtics
2010-12-29 00:30:00+00:00,Miami Heat,New York Knicks
2010-12-29 00:30:00+00:00,San Antonio Spurs,Los Angeles Lakers
2010-12-30 00:00:00+00:00,Atlanta Hawks,Golden State Warriors
2010-12-30 00:00:00+00:00,Charlotte Bobcats,Cleveland Cavaliers
2010-12-30 00:30:00+00:00,Detroit Pistons,Boston Celtics
2010-12-30 00:30:00+00:00,Houston Rockets,Miami Heat
2010-12-30 00:30:00+00:00,Los Angeles Clippers,Utah Jazz
2010-12-30 00:00:00+00:00,Minnesota Timberwolves,Denver Nuggets
2010-12-30 00:00:00+00:00,New Orleans Hornets,Los Angeles Lakers
2010-12-30 00:00:00+00:00,Oklahoma City Thunder,New Jersey Nets
2010-12-30 00:00:00+00:00,Phoenix Suns,Philadelphia 76ers
2010-12-30 00:00:00+00:00,Sacramento Kings,Memphis Grizzlies
2010-12-30 00:00:00+00:00,Washington Wizards,Indiana Pacers
2010-12-31 01:30:00+00:00,Dallas Mavericks,San Antonio Spurs
2010-12-31 00:00:00+00:00,Orlando Magic,New York Knicks
2010-12-31 00:00:00+00:00,Portland Trail Blazers,Utah Jazz
2010-12-31 20:00:00+00:00,Boston Celtics,New Orleans Hornets
2010-12-31 20:00:00+00:00,Charlotte Bobcats,Golden State Warriors
2010-12-31 19:00:00+00:00,Chicago Bulls,New Jersey Nets
2010-12-31 23:00:00+00:00,Houston Rockets,Toronto Raptors
2010-12-31 20:00:00+00:00,Indiana Pacers,Washington Wizards
2011-01-01 00:30:00+00:00,Los Angeles Lakers,Philadelphia 76ers
2011-01-01 00:00:00+00:00,Oklahoma City Thunder,Atlanta Hawks
2011-01-01 00:00:00+00:00,Phoenix Suns,Detroit Pistons
2011-01-01 23:00:00+00:00,Chicago Bulls,Cleveland Cavaliers
2011-01-02 00:00:00+00:00,Denver Nuggets,Sacramento Kings
2011-01-02 00:30:00+00:00,Miami Heat,Golden State Warriors
2011-01-02 01:00:00+00:00,Milwaukee Bucks,Dallas Mavericks
2011-01-02 00:00:00+00:00,Minnesota Timberwolves,New Jersey Nets
2011-01-02 00:30:00+00:00,San Antonio Spurs,Oklahoma City Thunder
2011-01-02 00:00:00+00:00,Utah Jazz,Memphis Grizzlies
2011-01-02 00:00:00+00:00,Washington Wizards,New Orleans Hornets
2011-01-03 00:00:00+00:00,Cleveland Cavaliers,Dallas Mavericks
2011-01-02 17:30:00+00:00,Los Angeles Clippers,Atlanta Hawks
2011-01-02 23:30:00+00:00,Los Angeles Lakers,Memphis Grizzlies
2011-01-02 18:00:00+00:00,New York Knicks,Indiana Pacers
2011-01-02 23:00:00+00:00,Portland Trail Blazers,Houston Rockets
2011-01-02 23:00:00+00:00,Sacramento Kings,Phoenix Suns
2011-01-02 23:00:00+00:00,Toronto Raptors,Boston Celtics
2011-01-04 00:30:00+00:00,Boston Celtics,Minnesota Timberwolves
2011-01-04 00:00:00+00:00,Charlotte Bobcats,Miami Heat
2011-01-04 00:00:00+00:00,Denver Nuggets,Houston Rockets
2011-01-04 00:00:00+00:00,New Orleans Hornets,Philadelphia 76ers
2011-01-04 00:00:00+00:00,Orlando Magic,Golden State Warriors
2011-01-04 00:00:00+00:00,Utah Jazz,Detroit Pistons
2011-01-05 00:00:00+00:00,Chicago Bulls,Toronto Raptors
2011-01-05 00:30:00+00:00,Dallas Mavericks,Portland Trail Blazers
2011-01-05 00:30:00+00:00,Los Angeles Lakers,Detroit Pistons
2011-01-05 00:00:00+00:00,Memphis Grizzlies,Oklahoma City Thunder
2011-01-05 00:30:00+00:00,Miami Heat,Milwaukee Bucks
2011-01-05 00:30:00+00:00,New York Knicks,San Antonio Spurs
2011-01-05 00:00:00+00:00,Sacramento Kings,Atlanta Hawks
2011-01-06 00:30:00+00:00,Boston Celtics,San Antonio Spurs
2011-01-06 00:00:00+00:00,Cleveland Cavaliers,Toronto Raptors
2011-01-06 00:30:00+00:00,Houston Rockets,Portland Trail Blazers
2011-01-06 00:30:00+00:00,Los Angeles Clippers,Denver Nuggets
2011-01-06 00:00:00+00:00,Minnesota Timberwolves,Charlotte Bobcats
2011-01-06 00:00:00+00:00,New Jersey Nets,Chicago Bulls
2011-01-06 00:00:00+00:00,New Orleans Hornets,Golden State Warriors
2011-01-06 00:00:00+00:00,Orlando Magic,Milwaukee Bucks
2011-01-06 00:00:00+00:00,Philadelphia 76ers,Washington Wizards
2011-01-06 01:30:00+00:00,Phoenix Suns,Los Angeles Lakers
2011-01-06 00:00:00+00:00,Utah Jazz,Atlanta Hawks
2011-01-07 00:00:00+00:00,Dallas Mavericks,Oklahoma City Thunder
2011-01-07 00:30:00+00:00,Sacramento Kings,Denver Nuggets
2011-01-08 00:30:00+00:00,Boston Celtics,Toronto Raptors
2011-01-08 00:30:00+00:00,Golden State Warriors,Cleveland Cavaliers
2011-01-08 00:00:00+00:00,Indiana Pacers,San Antonio Spurs
2011-01-08 00:30:00+00:00,Los Angeles Lakers,New Orleans Hornets
2011-01-08 00:00:00+00:00,Memphis Grizzlies,Utah Jazz
2011-01-08 00:30:00+00:00,Milwaukee Bucks,Miami Heat
2011-01-08 00:00:00+00:00,Minnesota Timberwolves,Portland Trail Blazers
2011-01-08 01:00:00+00:00,Orlando Magic,Houston Rockets
2011-01-08 00:00:00+00:00,Philadelphia 76ers,Chicago Bulls
2011-01-08 01:30:00+00:00,Phoenix Suns,New York Knicks
2011-01-08 00:00:00+00:00,Washington Wizards,New Jersey Nets
2011-01-09 00:00:00+00:00,Atlanta Hawks,Indiana Pacers
2011-01-09 00:00:00+00:00,Charlotte Bobcats,Washington Wizards
2011-01-09 00:00:00+00:00,Chicago Bulls,Boston Celtics
2011-01-09 00:30:00+00:00,Dallas Mavericks,Orlando Magic
2011-01-09 00:30:00+00:00,Detroit Pistons,Philadelphia 76ers
2011-01-09 00:30:00+00:00,Houston Rockets,Utah Jazz
2011-01-09 00:00:00+00:00,New Jersey Nets,Milwaukee Bucks
2011-01-09 00:00:00+00:00,Oklahoma City Thunder,Memphis Grizzlies
2011-01-10 00:00:00+00:00,Denver Nuggets,New Orleans Hornets
2011-01-09 17:30:00+00:00,Los Angeles Clippers,Golden State Warriors
2011-01-09 23:30:00+00:00,Los Angeles Lakers,New York Knicks
2011-01-09 23:00:00+00:00,Phoenix Suns,Cleveland Cavaliers
2011-01-09 23:00:00+00:00,Portland Trail Blazers,Miami Heat
2011-01-09 23:00:00+00:00,San Antonio Spurs,Minnesota Timberwolves
2011-01-09 18:00:00+00:00,Toronto Raptors,Sacramento Kings
2011-01-11 00:30:00+00:00,Boston Celtics,Houston Rockets
2011-01-11 00:00:00+00:00,Charlotte Bobcats,Memphis Grizzlies
2011-01-11 00:00:00+00:00,Chicago Bulls,Detroit Pistons
2011-01-12 00:00:00+00:00,Denver Nuggets,Phoenix Suns
2011-01-12 00:30:00+00:00,Los Angeles Lakers,Cleveland Cavaliers
2011-01-12 00:00:00+00:00,Minnesota Timberwolves,San Antonio Spurs
2011-01-12 00:00:00+00:00,Philadelphia 76ers,Indiana Pacers
2011-01-12 00:00:00+00:00,Portland Trail Blazers,New York Knicks
2011-01-12 00:00:00+00:00,Washington Wizards,Sacramento Kings
2011-01-13 00:30:00+00:00,Boston Celtics,Sacramento Kings
2011-01-13 00:00:00+00:00,Charlotte Bobcats,Chicago Bulls
2011-01-13 00:30:00+00:00,Detroit Pistons,Memphis Grizzlies
2011-01-13 00:30:00+00:00,Golden State Warriors,Los Angeles Lakers
2011-01-13 00:30:00+00:00,Houston Rockets,Oklahoma City Thunder
2011-01-13 00:00:00+00:00,Indiana Pacers,Dallas Mavericks
2011-01-13 00:30:00+00:00,Los Angeles Clippers,Miami Heat
2011-01-13 00:00:00+00:00,Milwaukee Bucks,San Antonio Spurs
2011-01-13 00:00:00+00:00,New Orleans Hornets,Orlando Magic
2011-01-13 00:00:00+00:00,Phoenix Suns,New Jersey Nets
2011-01-13 00:00:00+00:00,Toronto Raptors,Atlanta Hawks
2011-01-13 00:00:00+00:00,Utah Jazz,New York Knicks
2011-01-14 01:30:00+00:00,Denver Nuggets,Miami Heat
2011-01-14 00:00:00+00:00,Minnesota Timberwolves,Washington Wizards
2011-01-14 00:00:00+00:00,Oklahoma City Thunder,Orlando Magic
2011-01-15 00:30:00+00:00,Boston Celtics,Charlotte Bobcats
2011-01-15 00:30:00+00:00,Golden State Warriors,Los Angeles Clippers
2011-01-15 00:30:00+00:00,Houston Rockets,New Orleans Hornets
2011-01-15 00:00:00+00:00,Indiana Pacers,Chicago Bulls
2011-01-15 00:30:00+00:00,Los Angeles Lakers,New Jersey Nets
2011-01-15 00:30:00+00:00,New York Knicks,Sacramento Kings
2011-01-15 00:00:00+00:00,Philadelphia 76ers,Milwaukee Bucks
2011-01-15 01:30:00+00:00,Phoenix Suns,Portland Trail Blazers
2011-01-15 00:00:00+00:00,San Antonio Spurs,Dallas Mavericks
2011-01-15 00:00:00+00:00,Toronto Raptors,Detroit Pistons
2011-01-15 00:00:00+00:00,Utah Jazz,Cleveland Cavaliers
2011-01-16 00:00:00+00:00,Atlanta Hawks,Houston Rockets
2011-01-16 00:00:00+00:00,Charlotte Bobcats,New Orleans Hornets
2011-01-16 00:00:00+00:00,Chicago Bulls,Miami Heat
2011-01-16 00:00:00+00:00,Denver Nuggets,Cleveland Cavaliers
2011-01-16 00:30:00+00:00,Detroit Pistons,Sacramento Kings
2011-01-16 00:00:00+00:00,Memphis Grizzlies,Dallas Mavericks
2011-01-16 00:00:00+00:00,Minnesota Timberwolves,Orlando Magic
2011-01-16 00:00:00+00:00,Portland Trail Blazers,New Jersey Nets
2011-01-16 00:00:00+00:00,Washington Wizards,Toronto Raptors
2011-01-16 17:30:00+00:00,Los Angeles Clippers,Los Angeles Lakers
2011-01-17 01:00:00+00:00,San Antonio Spurs,Denver Nuggets
2011-01-17 21:00:00+00:00,Atlanta Hawks,Sacramento Kings
2011-01-18 01:00:00+00:00,Boston Celtics,Orlando Magic
2011-01-17 20:30:00+00:00,Detroit Pistons,Dallas Mavericks
2011-01-17 18:00:00+00:00,Golden State Warriors,New Jersey Nets
2011-01-17 19:00:00+00:00,Houston Rockets,Milwaukee Bucks
2011-01-17 17:30:00+00:00,Los Angeles Clippers,Indiana Pacers
2011-01-18 00:30:00+00:00,Los Angeles Lakers,Oklahoma City Thunder
2011-01-17 17:00:00+00:00,Memphis Grizzlies,Chicago Bulls
2011-01-17 19:00:00+00:00,New Orleans Hornets,Toronto Raptors
2011-01-17 18:00:00+00:00,New York Knicks,Phoenix Suns
2011-01-17 19:00:00+00:00,Philadelphia 76ers,Charlotte Bobcats
2011-01-18 00:00:00+00:00,Portland Trail Blazers,Minnesota Timberwolves
2011-01-17 18:00:00+00:00,Washington Wizards,Utah Jazz
2011-01-19 00:00:00+00:00,Chicago Bulls,Charlotte Bobcats
2011-01-19 00:30:00+00:00,Miami Heat,Atlanta Hawks
2011-01-20 00:30:00+00:00,Boston Celtics,Detroit Pistons
2011-01-20 00:00:00+00:00,Cleveland Cavaliers,Phoenix Suns
2011-01-20 01:00:00+00:00,Dallas Mavericks,Los Angeles Lakers
2011-01-20 00:00:00+00:00,Denver Nuggets,Oklahoma City Thunder
2011-01-20 00:30:00+00:00,Golden State Warriors,Indiana Pacers
2011-01-20 00:30:00+00:00,Houston Rockets,New York Knicks
2011-01-20 00:30:00+00:00,Los Angeles Clippers,Minnesota Timberwolves
2011-01-20 00:00:00+00:00,Milwaukee Bucks,Washington Wizards
2011-01-20 00:00:00+00:00,New Jersey Nets,Utah Jazz
2011-01-20 00:00:00+00:00,New Orleans Hornets,Memphis Grizzlies
2011-01-20 00:00:00+00:00,Orlando Magic,Philadelphia 76ers
2011-01-20 00:00:00+00:00,Sacramento Kings,Portland Trail Blazers
2011-01-20 00:30:00+00:00,San Antonio Spurs,Toronto Raptors
2011-01-21 00:00:00+00:00,Charlotte Bobcats,Philadelphia 76ers
2011-01-21 00:00:00+00:00,Chicago Bulls,Dallas Mavericks
2011-01-21 00:30:00+00:00,Portland Trail Blazers,Los Angeles Clippers
2011-01-22 00:30:00+00:00,Atlanta Hawks,New Orleans Hornets
2011-01-22 00:30:00+00:00,Boston Celtics,Utah Jazz
2011-01-22 00:30:00+00:00,Cleveland Cavaliers,Milwaukee Bucks
2011-01-22 01:30:00+00:00,Denver Nuggets,Los Angeles Lakers
2011-01-22 00:30:00+00:00,Golden State Warriors,Sacramento Kings
2011-01-22 00:00:00+00:00,Memphis Grizzlies,Houston Rockets
2011-01-22 00:00:00+00:00,New Jersey Nets,Detroit Pistons
2011-01-22 00:00:00+00:00,Orlando Magic,Toronto Raptors
2011-01-22 00:00:00+00:00,San Antonio Spurs,New York Knicks
2011-01-22 00:00:00+00:00,Washington Wizards,Phoenix Suns
2011-01-23 00:00:00+00:00,Charlotte Bobcats,Atlanta Hawks
2011-01-23 00:00:00+00:00,Chicago Bulls,Cleveland Cavaliers
2011-01-23 00:30:00+00:00,Detroit Pistons,Phoenix Suns
2011-01-23 00:30:00+00:00,Houston Rockets,Orlando Magic
2011-01-23 00:30:00+00:00,Los Angeles Clippers,Golden State Warriors
2011-01-23 00:30:00+00:00,Miami Heat,Toronto Raptors
2011-01-23 00:30:00+00:00,Milwaukee Bucks,Memphis Grizzlies
2011-01-23 00:00:00+00:00,New Jersey Nets,Dallas Mavericks
2011-01-23 00:00:00+00:00,New Orleans Hornets,San Antonio Spurs
2011-01-23 00:00:00+00:00,Oklahoma City Thunder,New York Knicks
2011-01-23 00:30:00+00:00,Philadelphia 76ers,Utah Jazz
2011-01-23 00:00:00+00:00,Portland Trail Blazers,Indiana Pacers
2011-01-23 00:00:00+00:00,Washington Wizards,Boston Celtics
2011-01-23 23:00:00+00:00,Denver Nuggets,Indiana Pacers
2011-01-25 00:00:00+00:00,Chicago Bulls,Milwaukee Bucks
2011-01-25 00:30:00+00:00,Golden State Warriors,San Antonio Spurs
2011-01-25 00:00:00+00:00,Minnesota Timberwolves,Houston Rockets
2011-01-25 00:00:00+00:00,New Jersey Nets,Cleveland Cavaliers
2011-01-25 00:00:00+00:00,New Orleans Hornets,Oklahoma City Thunder
2011-01-25 00:30:00+00:00,New York Knicks,Washington Wizards
2011-01-25 00:00:00+00:00,Orlando Magic,Detroit Pistons
2011-01-25 00:00:00+00:00,Philadelphia 76ers,Phoenix Suns
2011-01-25 00:00:00+00:00,Portland Trail Blazers,Sacramento Kings
2011-01-25 00:00:00+00:00,Toronto Raptors,Memphis Grizzlies
2011-01-26 00:30:00+00:00,Boston Celtics,Cleveland Cavaliers
2011-01-26 00:30:00+00:00,Dallas Mavericks,Los Angeles Clippers
2011-01-26 00:30:00+00:00,Los Angeles Lakers,Utah Jazz
2011-01-26 00:00:00+00:00,Sacramento Kings,Charlotte Bobcats
2011-01-26 00:00:00+00:00,Washington Wizards,Denver Nuggets
2011-01-27 00:30:00+00:00,Detroit Pistons,Denver Nuggets
2011-01-27 00:30:00+00:00,Golden State Warriors,New Orleans Hornets
2011-01-27 00:30:00+00:00,Houston Rockets,Los Angeles Clippers
2011-01-27 00:00:00+00:00,Indiana Pacers,Orlando Magic
2011-01-27 00:00:00+00:00,Milwaukee Bucks,Atlanta Hawks
2011-01-27 00:00:00+00:00,Minnesota Timberwolves,Oklahoma City Thunder
2011-01-27 00:00:00+00:00,New Jersey Nets,Memphis Grizzlies
2011-01-27 00:00:00+00:00,Phoenix Suns,Charlotte Bobcats
2011-01-27 00:00:00+00:00,Toronto Raptors,Philadelphia 76ers
2011-01-27 00:30:00+00:00,Utah Jazz,San Antonio Spurs
2011-01-28 00:30:00+00:00,Dallas Mavericks,Houston Rockets
2011-01-28 01:00:00+00:00,New York Knicks,Miami Heat
2011-01-28 00:30:00+00:00,Portland Trail Blazers,Boston Celtics
2011-01-29 00:30:00+00:00,Atlanta Hawks,New York Knicks
2011-01-29 00:00:00+00:00,Chicago Bulls,Orlando Magic
2011-01-29 00:30:00+00:00,Cleveland Cavaliers,Denver Nuggets
2011-01-29 00:30:00+00:00,Golden State Warriors,Charlotte Bobcats
2011-01-29 00:00:00+00:00,Indiana Pacers,New Jersey Nets
2011-01-29 00:30:00+00:00,Los Angeles Lakers,Sacramento Kings
2011-01-29 00:30:00+00:00,Miami Heat,Detroit Pistons
2011-01-29 00:00:00+00:00,Oklahoma City Thunder,Washington Wizards
2011-01-29 00:00:00+00:00,Philadelphia 76ers,Memphis Grizzlies
2011-01-29 01:30:00+00:00,Phoenix Suns,Boston Celtics
2011-01-29 00:00:00+00:00,Toronto Raptors,Milwaukee Bucks
2011-01-29 00:00:00+00:00,Utah Jazz,Minnesota Timberwolves
2011-01-30 00:00:00+00:00,Chicago Bulls,Indiana Pacers
2011-01-30 00:30:00+00:00,Dallas Mavericks,Atlanta Hawks
2011-01-30 00:30:00+00:00,Los Angeles Clippers,Charlotte Bobcats
2011-01-30 00:00:00+00:00,Memphis Grizzlies,Washington Wizards
2011-01-30 00:30:00+00:00,Milwaukee Bucks,New Jersey Nets
2011-01-30 00:00:00+00:00,Minnesota Timberwolves,Toronto Raptors
2011-01-30 00:00:00+00:00,Sacramento Kings,New Orleans Hornets
2011-01-30 00:30:00+00:00,San Antonio Spurs,Houston Rockets
2011-01-31 00:00:00+00:00,Golden State Warriors,Utah Jazz
2011-01-30 17:30:00+00:00,Los Angeles Lakers,Boston Celtics
2011-01-31 00:30:00+00:00,New York Knicks,Detroit Pistons
2011-01-30 17:00:00+00:00,Oklahoma City Thunder,Miami Heat
2011-01-30 23:00:00+00:00,Orlando Magic,Cleveland Cavaliers
2011-01-30 23:00:00+00:00,Philadelphia 76ers,Denver Nuggets
2011-01-30 23:00:00+00:00,Phoenix Suns,New Orleans Hornets
2011-02-01 00:30:00+00:00,Dallas Mavericks,Washington Wizards
2011-02-01 00:00:00+00:00,Indiana Pacers,Toronto Raptors
2011-02-01 00:30:00+00:00,Los Angeles Clippers,Milwaukee Bucks
2011-02-01 00:00:00+00:00,Memphis Grizzlies,Orlando Magic
2011-02-01 00:30:00+00:00,Miami Heat,Cleveland Cavaliers
2011-02-01 00:00:00+00:00,New Jersey Nets,Denver Nuggets
2011-02-01 00:00:00+00:00,Utah Jazz,Charlotte Bobcats
2011-02-02 00:30:00+00:00,Los Angeles Lakers,Houston Rockets
2011-02-02 00:00:00+00:00,New Orleans Hornets,Washington Wizards
2011-02-02 00:00:00+00:00,Portland Trail Blazers,San Antonio Spurs
2011-02-02 00:00:00+00:00,Sacramento Kings,Boston Celtics
2011-02-03 00:00:00+00:00,Atlanta Hawks,Toronto Raptors
2011-02-03 00:00:00+00:00,Cleveland Cavaliers,Indiana Pacers
2011-02-03 00:00:00+00:00,Denver Nuggets,Portland Trail Blazers
2011-02-03 00:30:00+00:00,Detroit Pistons,Charlotte Bobcats
2011-02-03 00:30:00+00:00,Los Angeles Clippers,Chicago Bulls
2011-02-03 00:00:00+00:00,Minnesota Timberwolves,Memphis Grizzlies
2011-02-03 00:00:00+00:00,New Jersey Nets,Philadelphia 76ers
2011-02-03 00:30:00+00:00,New York Knicks,Dallas Mavericks
2011-02-03 00:00:00+00:00,Oklahoma City Thunder,New Orleans Hornets
2011-02-03 00:00:00+00:00,Phoenix Suns,Milwaukee Bucks
2011-02-03 00:00:00+00:00,Utah Jazz,Houston Rockets
2011-02-04 00:30:00+00:00,Golden State Warriors,Milwaukee Bucks
2011-02-04 00:30:00+00:00,Los Angeles Lakers,San Antonio Spurs
2011-02-04 01:00:00+00:00,Orlando Magic,Miami Heat
2011-02-05 00:30:00+00:00,Atlanta Hawks,Los Angeles Clippers
2011-02-05 01:00:00+00:00,Boston Celtics,Dallas Mavericks
2011-02-05 00:00:00+00:00,Charlotte Bobcats,Miami Heat
2011-02-05 01:30:00+00:00,Denver Nuggets,Utah Jazz
2011-02-05 00:30:00+00:00,Detroit Pistons,New Jersey Nets
2011-02-05 00:00:00+00:00,Indiana Pacers,Portland Trail Blazers
2011-02-05 00:00:00+00:00,Memphis Grizzlies,Cleveland Cavaliers
2011-02-05 00:00:00+00:00,Philadelphia 76ers,New York Knicks
2011-02-05 00:00:00+00:00,Phoenix Suns,Oklahoma City Thunder
2011-02-05 00:00:00+00:00,Sacramento Kings,San Antonio Spurs
2011-02-05 00:00:00+00:00,Toronto Raptors,Minnesota Timberwolves
2011-02-05 00:00:00+00:00,Washington Wizards,Orlando Magic
2011-02-06 00:00:00+00:00,Charlotte Bobcats,Dallas Mavericks
2011-02-06 00:30:00+00:00,Cleveland Cavaliers,Portland Trail Blazers
2011-02-06 00:30:00+00:00,Golden State Warriors,Chicago Bulls
2011-02-06 00:30:00+00:00,Houston Rockets,Memphis Grizzlies
2011-02-06 00:30:00+00:00,Milwaukee Bucks,Detroit Pistons
2011-02-06 00:30:00+00:00,Minnesota Timberwolves,Denver Nuggets
2011-02-06 00:00:00+00:00,New Orleans Hornets,Los Angeles Lakers
2011-02-06 00:00:00+00:00,Utah Jazz,Oklahoma City Thunder
2011-02-06 00:00:00+00:00,Washington Wizards,Atlanta Hawks
2011-02-06 19:30:00+00:00,Boston Celtics,Orlando Magic
2011-02-06 17:00:00+00:00,Miami Heat,Los Angeles Clippers
2011-02-06 17:00:00+00:00,New Jersey Nets,Indiana Pacers
2011-02-06 17:00:00+00:00,New York Knicks,Philadelphia 76ers
2011-02-08 00:00:00+00:00,Charlotte Bobcats,Boston Celtics
2011-02-08 00:30:00+00:00,Dallas Mavericks,Cleveland Cavaliers
2011-02-08 00:00:00+00:00,Denver Nuggets,Houston Rockets
2011-02-08 00:30:00+00:00,Golden State Warriors,Phoenix Suns
2011-02-08 00:00:00+00:00,Memphis Grizzlies,Los Angeles Lakers
2011-02-08 00:00:00+00:00,New Orleans Hornets,Minnesota Timberwolves
2011-02-08 00:00:00+00:00,Portland Trail Blazers,Chicago Bulls
2011-02-08 00:00:00+00:00,Sacramento Kings,Utah Jazz
2011-02-09 00:00:00+00:00,Atlanta Hawks,Philadelphia 76ers
2011-02-09 00:30:00+00:00,Detroit Pistons,San Antonio Spurs
2011-02-09 00:30:00+00:00,Houston Rockets,Minnesota Timberwolves
2011-02-09 00:30:00+00:00,Miami Heat,Indiana Pacers
2011-02-09 00:00:00+00:00,Milwaukee Bucks,Toronto Raptors
2011-02-09 00:00:00+00:00,Oklahoma City Thunder,Memphis Grizzlies
2011-02-09 00:00:00+00:00,Orlando Magic,Los Angeles Clippers
2011-02-10 00:00:00+00:00,Cleveland Cavaliers,Detroit Pistons
2011-02-10 00:30:00+00:00,Golden State Warriors,Denver Nuggets
2011-02-10 00:00:00+00:00,Indiana Pacers,Charlotte Bobcats
2011-02-10 00:00:00+00:00,New Jersey Nets,New Orleans Hornets
2011-02-10 00:30:00+00:00,New York Knicks,Los Angeles Clippers
2011-02-10 00:00:00+00:00,Philadelphia 76ers,Orlando Magic
2011-02-10 00:00:00+00:00,Sacramento Kings,Dallas Mavericks
2011-02-10 00:00:00+00:00,Toronto Raptors,San Antonio Spurs
2011-02-10 00:00:00+00:00,Utah Jazz,Chicago Bulls
2011-02-10 00:00:00+00:00,Washington Wizards,Milwaukee Bucks
2011-02-11 01:00:00+00:00,Boston Celtics,Los Angeles Lakers
2011-02-11 01:30:00+00:00,Denver Nuggets,Dallas Mavericks
2011-02-11 00:00:00+00:00,Phoenix Suns,Golden State Warriors
2011-02-12 00:00:00+00:00,Charlotte Bobcats,New Jersey Nets
2011-02-12 00:30:00+00:00,Cleveland Cavaliers,Los Angeles Clippers
2011-02-12 00:30:00+00:00,Detroit Pistons,Miami Heat
2011-02-12 00:00:00+00:00,Indiana Pacers,Minnesota Timberwolves
2011-02-12 00:00:00+00:00,Memphis Grizzlies,Milwaukee Bucks
2011-02-12 01:00:00+00:00,New York Knicks,Los Angeles Lakers
2011-02-12 00:00:00+00:00,Orlando Magic,New Orleans Hornets
2011-02-12 00:00:00+00:00,Philadelphia 76ers,San Antonio Spurs
2011-02-12 00:00:00+00:00,Toronto Raptors,Portland Trail Blazers
2011-02-12 01:30:00+00:00,Utah Jazz,Phoenix Suns
2011-02-13 00:00:00+00:00,Atlanta Hawks,Charlotte Bobcats
2011-02-13 00:30:00+00:00,Houston Rockets,Dallas Mavericks
2011-02-13 00:30:00+00:00,Milwaukee Bucks,Indiana Pacers
2011-02-13 00:00:00+00:00,Minnesota Timberwolves,Philadelphia 76ers
2011-02-13 00:00:00+00:00,New Jersey Nets,New York Knicks
2011-02-13 00:00:00+00:00,New Orleans Hornets,Chicago Bulls
2011-02-13 00:00:00+00:00,Sacramento Kings,Oklahoma City Thunder
2011-02-13 01:00:00+00:00,Washington Wizards,San Antonio Spurs
2011-02-13 18:00:00+00:00,Boston Celtics,Miami Heat
2011-02-13 23:00:00+00:00,Cleveland Cavaliers,Washington Wizards
2011-02-13 23:00:00+00:00,Detroit Pistons,Portland Trail Blazers
2011-02-13 22:00:00+00:00,Golden State Warriors,Oklahoma City Thunder
2011-02-13 22:00:00+00:00,Memphis Grizzlies,Denver Nuggets
2011-02-13 20:30:00+00:00,Orlando Magic,Los Angeles Lakers
2011-02-13 23:00:00+00:00,Phoenix Suns,Sacramento Kings
2011-02-13 23:00:00+00:00,Toronto Raptors,Los Angeles Clippers
2011-02-15 00:00:00+00:00,Charlotte Bobcats,Los Angeles Lakers
2011-02-15 00:30:00+00:00,Detroit Pistons,Atlanta Hawks
2011-02-15 00:30:00+00:00,Houston Rockets,Denver Nuggets
2011-02-15 00:00:00+00:00,Milwaukee Bucks,Los Angeles Clippers
2011-02-15 00:00:00+00:00,Minnesota Timberwolves,Portland Trail Blazers
2011-02-15 00:00:00+00:00,New Jersey Nets,San Antonio Spurs
2011-02-16 00:00:00+00:00,Chicago Bulls,Charlotte Bobcats
2011-02-16 00:30:00+00:00,Golden State Warriors,New Orleans Hornets
2011-02-16 00:00:00+00:00,Indiana Pacers,Miami Heat
2011-02-16 00:00:00+00:00,Memphis Grizzlies,Philadelphia 76ers
2011-02-16 00:00:00+00:00,Oklahoma City Thunder,Sacramento Kings
2011-02-16 00:00:00+00:00,Phoenix Suns,Utah Jazz
2011-02-17 00:30:00+00:00,Boston Celtics,New Jersey Nets
2011-02-17 00:30:00+00:00,Cleveland Cavaliers,Los Angeles Lakers
2011-02-17 00:30:00+00:00,Dallas Mavericks,Sacramento Kings
2011-02-17 00:30:00+00:00,Detroit Pistons,Indiana Pacers
2011-02-17 00:30:00+00:00,Houston Rockets,Philadelphia 76ers
2011-02-17 01:00:00+00:00,Milwaukee Bucks,Denver Nuggets
2011-02-17 00:00:00+00:00,Minnesota Timberwolves,Los Angeles Clippers
2011-02-17 00:30:00+00:00,New York Knicks,Atlanta Hawks
2011-02-17 00:00:00+00:00,Orlando Magic,Washington Wizards
2011-02-17 00:00:00+00:00,Portland Trail Blazers,New Orleans Hornets
2011-02-17 00:00:00+00:00,Toronto Raptors,Miami Heat
2011-02-17 00:00:00+00:00,Utah Jazz,Golden State Warriors
2011-02-18 00:00:00+00:00,Chicago Bulls,San Antonio Spurs
2011-02-18 01:30:00+00:00,Phoenix Suns,Dallas Mavericks
2011-02-23 00:00:00+00:00,Charlotte Bobcats,Toronto Raptors
2011-02-23 00:00:00+00:00,Denver Nuggets,Memphis Grizzlies
2011-02-23 00:30:00+00:00,Detroit Pistons,Houston Rockets
2011-02-23 00:30:00+00:00,Golden State Warriors,Boston Celtics
2011-02-23 00:30:00+00:00,Los Angeles Lakers,Atlanta Hawks
2011-02-23 00:30:00+00:00,Miami Heat,Sacramento Kings
2011-02-23 00:00:00+00:00,Milwaukee Bucks,Minnesota Timberwolves
2011-02-23 00:00:00+00:00,Oklahoma City Thunder,Los Angeles Clippers
2011-02-23 00:00:00+00:00,Washington Wizards,Indiana Pacers
2011-02-24 00:00:00+00:00,Cleveland Cavaliers,Houston Rockets
2011-02-24 00:30:00+00:00,Dallas Mavericks,Utah Jazz
2011-02-24 00:00:00+00:00,Indiana Pacers,Detroit Pistons
2011-02-24 00:00:00+00:00,Minnesota Timberwolves,Memphis Grizzlies
2011-02-24 01:30:00+00:00,New Orleans Hornets,Los Angeles Clippers
2011-02-24 00:30:00+00:00,New York Knicks,Milwaukee Bucks
2011-02-24 00:00:00+00:00,Orlando Magic,Sacramento Kings
2011-02-24 00:00:00+00:00,Philadelphia 76ers,Washington Wizards
2011-02-24 00:00:00+00:00,Phoenix Suns,Atlanta Hawks
2011-02-24 00:30:00+00:00,Portland Trail Blazers,Los Angeles Lakers
2011-02-23 23:00:00+00:00,San Antonio Spurs,Oklahoma City Thunder
2011-02-24 00:00:00+00:00,Toronto Raptors,Chicago Bulls
2011-02-25 00:00:00+00:00,Chicago Bulls,Miami Heat
2011-02-25 01:30:00+00:00,Denver Nuggets,Boston Celtics
2011-02-26 00:00:00+00:00,Charlotte Bobcats,Sacramento Kings
2011-02-26 00:30:00+00:00,Cleveland Cavaliers,New York Knicks
2011-02-26 00:30:00+00:00,Golden State Warriors,Atlanta Hawks
2011-02-26 00:00:00+00:00,Indiana Pacers,Utah Jazz
2011-02-26 00:30:00+00:00,Los Angeles Lakers,Los Angeles Clippers
2011-02-26 00:30:00+00:00,Miami Heat,Washington Wizards
2011-02-26 00:00:00+00:00,Minnesota Timberwolves,New Orleans Hornets
2011-02-26 01:00:00+00:00,Orlando Magic,Oklahoma City Thunder
2011-02-26 00:00:00+00:00,Philadelphia 76ers,Detroit Pistons
2011-02-26 00:30:00+00:00,Portland Trail Blazers,Denver Nuggets
2011-02-26 00:30:00+00:00,San Antonio Spurs,New Jersey Nets
2011-02-26 00:00:00+00:00,Toronto Raptors,Phoenix Suns
2011-02-27 00:30:00+00:00,Detroit Pistons,Utah Jazz
2011-02-27 00:30:00+00:00,Houston Rockets,New Jersey Nets
2011-02-27 00:30:00+00:00,Los Angeles Clippers,Boston Celtics
2011-02-27 00:00:00+00:00,Memphis Grizzlies,Sacramento Kings
2011-02-27 00:30:00+00:00,Milwaukee Bucks,Chicago Bulls
2011-02-27 01:00:00+00:00,Washington Wizards,Dallas Mavericks
2011-02-27 22:00:00+00:00,Cleveland Cavaliers,Philadelphia 76ers
2011-02-27 17:00:00+00:00,Indiana Pacers,Phoenix Suns
2011-02-28 01:00:00+00:00,Miami Heat,New York Knicks
2011-02-27 21:00:00+00:00,Minnesota Timberwolves,Golden State Warriors
2011-02-27 23:00:00+00:00,New Orleans Hornets,Houston Rockets
2011-02-27 18:30:00+00:00,Oklahoma City Thunder,Los Angeles Lakers
2011-02-27 23:00:00+00:00,Orlando Magic,Charlotte Bobcats
2011-02-28 00:30:00+00:00,Portland Trail Blazers,Atlanta Hawks
2011-02-27 23:00:00+00:00,San Antonio Spurs,Memphis Grizzlies
2011-02-27 23:00:00+00:00,Toronto Raptors,Dallas Mavericks
2011-03-01 00:00:00+00:00,Denver Nuggets,Atlanta Hawks
2011-03-01 00:00:00+00:00,New Jersey Nets,Phoenix Suns
2011-03-01 00:00:00+00:00,Sacramento Kings,Los Angeles Clippers
2011-03-01 00:00:00+00:00,Utah Jazz,Boston Celtics
2011-03-01 00:00:00+00:00,Washington Wizards,Chicago Bulls
2011-03-02 00:00:00+00:00,Indiana Pacers,Golden State Warriors
2011-03-02 00:00:00+00:00,Memphis Grizzlies,San Antonio Spurs
2011-03-02 00:00:00+00:00,Milwaukee Bucks,Detroit Pistons
2011-03-02 00:00:00+00:00,Minnesota Timberwolves,Los Angeles Lakers
2011-03-02 00:00:00+00:00,Orlando Magic,New York Knicks
2011-03-02 00:00:00+00:00,Philadelphia 76ers,Dallas Mavericks
2011-03-02 00:00:00+00:00,Portland Trail Blazers,Houston Rockets
2011-03-02 00:00:00+00:00,Toronto Raptors,New Orleans Hornets
2011-03-03 00:00:00+00:00,Atlanta Hawks,Chicago Bulls
2011-03-03 00:30:00+00:00,Boston Celtics,Phoenix Suns
2011-03-03 00:00:00+00:00,Cleveland Cavaliers,San Antonio Spurs
2011-03-03 00:00:00+00:00,Denver Nuggets,Charlotte Bobcats
2011-03-03 00:30:00+00:00,Detroit Pistons,Minnesota Timberwolves
2011-03-03 00:30:00+00:00,Los Angeles Clippers,Houston Rockets
2011-03-03 00:30:00+00:00,New York Knicks,New Orleans Hornets
2011-03-03 00:00:00+00:00,Oklahoma City Thunder,Indiana Pacers
2011-03-03 00:00:00+00:00,Sacramento Kings,Portland Trail Blazers
2011-03-03 00:00:00+00:00,Washington Wizards,Golden State Warriors
2011-03-04 01:00:00+00:00,Miami Heat,Orlando Magic
2011-03-04 01:30:00+00:00,Utah Jazz,Denver Nuggets
2011-03-05 00:30:00+00:00,Atlanta Hawks,Oklahoma City Thunder
2011-03-05 00:30:00+00:00,Boston Celtics,Golden State Warriors
2011-03-05 00:30:00+00:00,Dallas Mavericks,Indiana Pacers
2011-03-05 00:30:00+00:00,Los Angeles Lakers,Charlotte Bobcats
2011-03-05 00:00:00+00:00,Memphis Grizzlies,New Orleans Hornets
2011-03-05 00:30:00+00:00,Milwaukee Bucks,Phoenix Suns
2011-03-05 01:00:00+00:00,New Jersey Nets,Toronto Raptors
2011-03-05 00:30:00+00:00,New York Knicks,Cleveland Cavaliers
2011-03-05 00:00:00+00:00,Orlando Magic,Chicago Bulls
2011-03-05 00:00:00+00:00,Philadelphia 76ers,Minnesota Timberwolves
2011-03-05 01:30:00+00:00,San Antonio Spurs,Miami Heat
2011-03-06 00:30:00+00:00,Houston Rockets,Indiana Pacers
2011-03-06 00:30:00+00:00,Los Angeles Clippers,Denver Nuggets
2011-03-06 01:00:00+00:00,New Jersey Nets,Toronto Raptors
2011-03-06 00:00:00+00:00,Portland Trail Blazers,Charlotte Bobcats
2011-03-06 00:00:00+00:00,Utah Jazz,Sacramento Kings
2011-03-06 00:00:00+00:00,Washington Wizards,Minnesota Timberwolves
2011-03-06 23:30:00+00:00,Atlanta Hawks,New York Knicks
2011-03-06 23:30:00+00:00,Cleveland Cavaliers,New Orleans Hornets
2011-03-06 23:30:00+00:00,Dallas Mavericks,Memphis Grizzlies
2011-03-06 23:00:00+00:00,Detroit Pistons,Washington Wizards
2011-03-06 18:00:00+00:00,Miami Heat,Chicago Bulls
2011-03-07 01:00:00+00:00,Milwaukee Bucks,Boston Celtics
2011-03-06 23:00:00+00:00,Oklahoma City Thunder,Phoenix Suns
2011-03-06 23:00:00+00:00,Philadelphia 76ers,Golden State Warriors
2011-03-06 19:30:00+00:00,San Antonio Spurs,Los Angeles Lakers
2011-03-08 00:00:00+00:00,Charlotte Bobcats,Los Angeles Clippers
2011-03-08 00:00:00+00:00,Chicago Bulls,New Orleans Hornets
2011-03-08 00:00:00+00:00,Memphis Grizzlies,Oklahoma City Thunder
2011-03-08 00:00:00+00:00,Minnesota Timberwolves,Dallas Mavericks
2011-03-08 00:30:00+00:00,New York Knicks,Utah Jazz
2011-03-08 00:00:00+00:00,Orlando Magic,Portland Trail Blazers
2011-03-08 00:00:00+00:00,Sacramento Kings,Houston Rockets
2011-03-09 00:00:00+00:00,Atlanta Hawks,Los Angeles Lakers
2011-03-09 00:00:00+00:00,Cleveland Cavaliers,Golden State Warriors
2011-03-09 00:00:00+00:00,Indiana Pacers,Philadelphia 76ers
2011-03-09 00:30:00+00:00,Miami Heat,Portland Trail Blazers
2011-03-09 00:00:00+00:00,Phoenix Suns,Houston Rockets
2011-03-09 00:00:00+00:00,Washington Wizards,Milwaukee Bucks
2011-03-10 00:30:00+00:00,Boston Celtics,Los Angeles Clippers
2011-03-10 00:00:00+00:00,Charlotte Bobcats,Chicago Bulls
2011-03-10 00:00:00+00:00,Memphis Grizzlies,New York Knicks
2011-03-10 00:00:00+00:00,Milwaukee Bucks,Cleveland Cavaliers
2011-03-10 00:00:00+00:00,Minnesota Timberwolves,Indiana Pacers
2011-03-10 00:00:00+00:00,New Jersey Nets,Golden State Warriors
2011-03-10 00:00:00+00:00,New Orleans Hornets,Dallas Mavericks
2011-03-10 00:00:00+00:00,Philadelphia 76ers,Oklahoma City Thunder
2011-03-10 00:00:00+00:00,Sacramento Kings,Orlando Magic
2011-03-10 00:30:00+00:00,San Antonio Spurs,Detroit Pistons
2011-03-10 00:00:00+00:00,Toronto Raptors,Utah Jazz
2011-03-11 01:30:00+00:00,Dallas Mavericks,New York Knicks
2011-03-11 00:00:00+00:00,Miami Heat,Los Angeles Lakers
2011-03-11 01:30:00+00:00,Phoenix Suns,Denver Nuggets
2011-03-12 00:00:00+00:00,Charlotte Bobcats,Portland Trail Blazers
2011-03-12 00:00:00+00:00,Chicago Bulls,Atlanta Hawks
2011-03-12 00:30:00+00:00,Golden State Warriors,Orlando Magic
2011-03-12 00:00:00+00:00,Minnesota Timberwolves,Utah Jazz
2011-03-12 00:00:00+00:00,New Jersey Nets,Los Angeles Clippers
2011-03-12 00:00:00+00:00,Oklahoma City Thunder,Detroit Pistons
2011-03-12 00:00:00+00:00,Philadelphia 76ers,Boston Celtics
2011-03-12 00:30:00+00:00,San Antonio Spurs,Sacramento Kings
2011-03-12 00:00:00+00:00,Toronto Raptors,Indiana Pacers
2011-03-13 00:00:00+00:00,Atlanta Hawks,Portland Trail Blazers
2011-03-13 00:00:00+00:00,Chicago Bulls,Utah Jazz
2011-03-13 01:00:00+00:00,Dallas Mavericks,Los Angeles Lakers
2011-03-13 00:00:00+00:00,Denver Nuggets,Detroit Pistons
2011-03-13 00:30:00+00:00,Houston Rockets,San Antonio Spurs
2011-03-12 20:30:00+00:00,Miami Heat,Memphis Grizzlies
2011-03-13 00:00:00+00:00,Milwaukee Bucks,Philadelphia 76ers
2011-03-13 00:00:00+00:00,New Orleans Hornets,Sacramento Kings
2011-03-13 00:00:00+00:00,Washington Wizards,Los Angeles Clippers
2011-03-13 22:00:00+00:00,Boston Celtics,Milwaukee Bucks
2011-03-13 17:00:00+00:00,Cleveland Cavaliers,Oklahoma City Thunder
2011-03-13 22:00:00+00:00,Golden State Warriors,Minnesota Timberwolves
2011-03-13 22:00:00+00:00,New York Knicks,Indiana Pacers
2011-03-13 16:30:00+00:00,Phoenix Suns,Orlando Magic
2011-03-13 17:00:00+00:00,Toronto Raptors,Charlotte Bobcats
2011-03-14 23:30:00+00:00,Houston Rockets,Phoenix Suns
2011-03-14 23:30:00+00:00,Los Angeles Lakers,Orlando Magic
2011-03-14 23:00:00+00:00,Memphis Grizzlies,Los Angeles Clippers
2011-03-15 00:00:00+00:00,Miami Heat,San Antonio Spurs
2011-03-14 23:00:00+00:00,New Jersey Nets,Boston Celtics
2011-03-14 23:00:00+00:00,New Orleans Hornets,Denver Nuggets
2011-03-14 23:00:00+00:00,Sacramento Kings,Golden State Warriors
2011-03-14 23:00:00+00:00,Utah Jazz,Philadelphia 76ers
2011-03-14 23:00:00+00:00,Washington Wizards,Oklahoma City Thunder
2011-03-15 23:00:00+00:00,Atlanta Hawks,Milwaukee Bucks
2011-03-15 23:00:00+00:00,Chicago Bulls,Washington Wizards
2011-03-15 23:00:00+00:00,Indiana Pacers,New York Knicks
2011-03-15 23:00:00+00:00,Portland Trail Blazers,Dallas Mavericks
2011-03-16 23:00:00+00:00,Atlanta Hawks,Denver Nuggets
2011-03-16 23:30:00+00:00,Boston Celtics,Indiana Pacers
2011-03-16 23:30:00+00:00,Detroit Pistons,Toronto Raptors
2011-03-16 23:30:00+00:00,Golden State Warriors,Dallas Mavericks
2011-03-16 23:30:00+00:00,Houston Rockets,Charlotte Bobcats
2011-03-16 23:30:00+00:00,Los Angeles Clippers,Philadelphia 76ers
2011-03-17 00:00:00+00:00,Miami Heat,Oklahoma City Thunder
2011-03-16 23:00:00+00:00,Milwaukee Bucks,Orlando Magic
2011-03-16 23:00:00+00:00,New Orleans Hornets,Phoenix Suns
2011-03-16 23:00:00+00:00,Sacramento Kings,Cleveland Cavaliers
2011-03-16 23:00:00+00:00,Utah Jazz,Minnesota Timberwolves
2011-03-17 23:00:00+00:00,New Jersey Nets,Chicago Bulls
2011-03-17 23:30:00+00:00,New York Knicks,Memphis Grizzlies
2011-03-17 23:00:00+00:00,Portland Trail Blazers,Cleveland Cavaliers
2011-03-18 23:30:00+00:00,Atlanta Hawks,Miami Heat
2011-03-18 23:30:00+00:00,Dallas Mavericks,San Antonio Spurs
2011-03-18 23:30:00+00:00,Detroit Pistons,New York Knicks
2011-03-18 23:30:00+00:00,Houston Rockets,Boston Celtics
2011-03-18 23:00:00+00:00,Indiana Pacers,Chicago Bulls
2011-03-18 23:30:00+00:00,Los Angeles Lakers,Minnesota Timberwolves
2011-03-18 23:30:00+00:00,Milwaukee Bucks,New Jersey Nets
2011-03-18 23:00:00+00:00,Oklahoma City Thunder,Charlotte Bobcats
2011-03-18 23:00:00+00:00,Orlando Magic,Denver Nuggets
2011-03-18 23:00:00+00:00,Phoenix Suns,Golden State Warriors
2011-03-18 23:00:00+00:00,Sacramento Kings,Philadelphia 76ers
2011-03-18 23:00:00+00:00,Toronto Raptors,Washington Wizards
2011-03-19 16:30:00+00:00,Los Angeles Clippers,Cleveland Cavaliers
2011-03-19 23:00:00+00:00,Memphis Grizzlies,Indiana Pacers
2011-03-19 23:30:00+00:00,Miami Heat,Denver Nuggets
2011-03-19 23:00:00+00:00,New Orleans Hornets,Boston Celtics
2011-03-19 23:00:00+00:00,Portland Trail Blazers,Philadelphia 76ers
2011-03-19 23:30:00+00:00,San Antonio Spurs,Charlotte Bobcats
2011-03-20 18:00:00+00:00,Atlanta Hawks,Detroit Pistons
2011-03-20 22:30:00+00:00,Dallas Mavericks,Golden State Warriors
2011-03-20 22:00:00+00:00,Houston Rockets,Utah Jazz
2011-03-20 16:30:00+00:00,Los Angeles Clippers,Phoenix Suns
2011-03-20 22:30:00+00:00,Los Angeles Lakers,Portland Trail Blazers
2011-03-20 18:00:00+00:00,Milwaukee Bucks,New York Knicks
2011-03-20 18:30:00+00:00,Minnesota Timberwolves,Sacramento Kings
2011-03-20 22:00:00+00:00,Oklahoma City Thunder,Toronto Raptors
2011-03-20 17:00:00+00:00,Washington Wizards,New Jersey Nets
2011-03-21 23:00:00+00:00,Chicago Bulls,Sacramento Kings
2011-03-21 23:00:00+00:00,Cleveland Cavaliers,Orlando Magic
2011-03-21 23:00:00+00:00,Denver Nuggets,Toronto Raptors
2011-03-21 23:00:00+00:00,Memphis Grizzlies,Utah Jazz
2011-03-21 23:00:00+00:00,New Jersey Nets,Indiana Pacers
2011-03-21 23:30:00+00:00,New York Knicks,Boston Celtics
2011-03-21 23:30:00+00:00,San Antonio Spurs,Golden State Warriors
2011-03-23 00:00:00+00:00,Atlanta Hawks,Chicago Bulls
2011-03-22 23:30:00+00:00,Los Angeles Lakers,Phoenix Suns
2011-03-22 23:00:00+00:00,Portland Trail Blazers,Washington Wizards
2011-03-23 23:30:00+00:00,Boston Celtics,Memphis Grizzlies
2011-03-23 23:00:00+00:00,Charlotte Bobcats,Indiana Pacers
2011-03-23 23:00:00+00:00,Cleveland Cavaliers,New Jersey Nets
2011-03-24 00:30:00+00:00,Denver Nuggets,San Antonio Spurs
2011-03-23 23:30:00+00:00,Detroit Pistons,Miami Heat
2011-03-23 23:30:00+00:00,Houston Rockets,Golden State Warriors
2011-03-23 23:30:00+00:00,Los Angeles Clippers,Washington Wizards
2011-03-23 23:00:00+00:00,Milwaukee Bucks,Sacramento Kings
2011-03-24 00:00:00+00:00,New York Knicks,Orlando Magic
2011-03-23 23:00:00+00:00,Oklahoma City Thunder,Utah Jazz
2011-03-23 23:00:00+00:00,Philadelphia 76ers,Atlanta Hawks
2011-03-23 23:00:00+00:00,Phoenix Suns,Toronto Raptors
2011-03-24 23:30:00+00:00,Dallas Mavericks,Minnesota Timberwolves
2011-03-24 23:00:00+00:00,Utah Jazz,New Orleans Hornets
2011-03-25 23:30:00+00:00,Boston Celtics,Charlotte Bobcats
2011-03-25 23:00:00+00:00,Chicago Bulls,Memphis Grizzlies
2011-03-25 23:30:00+00:00,Cleveland Cavaliers,Detroit Pistons
2011-03-25 23:00:00+00:00,Denver Nuggets,Washington Wizards
2011-03-25 23:30:00+00:00,Golden State Warriors,Toronto Raptors
2011-03-25 23:00:00+00:00,Indiana Pacers,Sacramento Kings
2011-03-25 23:30:00+00:00,Los Angeles Lakers,Los Angeles Clippers
2011-03-25 23:30:00+00:00,Miami Heat,Philadelphia 76ers
2011-03-25 23:30:00+00:00,New York Knicks,Milwaukee Bucks
2011-03-25 23:00:00+00:00,Oklahoma City Thunder,Minnesota Timberwolves
2011-03-25 23:00:00+00:00,Orlando Magic,New Jersey Nets
2011-03-25 23:00:00+00:00,Phoenix Suns,New Orleans Hornets
2011-03-25 23:00:00+00:00,Portland Trail Blazers,San Antonio Spurs
2011-03-26 23:00:00+00:00,Atlanta Hawks,New Jersey Nets
2011-03-26 23:00:00+00:00,Charlotte Bobcats,New York Knicks
2011-03-26 23:30:00+00:00,Detroit Pistons,Indiana Pacers
2011-03-26 23:30:00+00:00,Los Angeles Clippers,Toronto Raptors
2011-03-26 23:30:00+00:00,Milwaukee Bucks,Chicago Bulls
2011-03-26 23:00:00+00:00,Utah Jazz,Dallas Mavericks
2011-03-27 22:00:00+00:00,Cleveland Cavaliers,Atlanta Hawks
2011-03-27 22:00:00+00:00,Golden State Warriors,Washington Wizards
2011-03-27 22:30:00+00:00,Los Angeles Lakers,New Orleans Hornets
2011-03-27 21:00:00+00:00,Memphis Grizzlies,San Antonio Spurs
2011-03-27 22:00:00+00:00,Miami Heat,Houston Rockets
2011-03-27 22:00:00+00:00,Minnesota Timberwolves,Boston Celtics
2011-03-27 23:00:00+00:00,Oklahoma City Thunder,Portland Trail Blazers
2011-03-27 16:00:00+00:00,Philadelphia 76ers,Sacramento Kings
2011-03-27 23:30:00+00:00,Phoenix Suns,Dallas Mavericks
2011-03-28 23:00:00+00:00,Charlotte Bobcats,Milwaukee Bucks
2011-03-28 23:00:00+00:00,Chicago Bulls,Philadelphia 76ers
2011-03-28 23:00:00+00:00,Indiana Pacers,Boston Celtics
2011-03-28 23:30:00+00:00,New York Knicks,Orlando Magic
2011-03-28 23:30:00+00:00,San Antonio Spurs,Portland Trail Blazers
2011-03-28 23:00:00+00:00,Utah Jazz,Washington Wizards
2011-03-29 23:00:00+00:00,Cleveland Cavaliers,Miami Heat
2011-03-29 23:00:00+00:00,New Jersey Nets,Houston Rockets
2011-03-29 23:00:00+00:00,Oklahoma City Thunder,Golden State Warriors
2011-03-29 23:00:00+00:00,Sacramento Kings,Phoenix Suns
2011-03-30 23:00:00+00:00,Atlanta Hawks,Orlando Magic
2011-03-30 23:00:00+00:00,Charlotte Bobcats,Cleveland Cavaliers
2011-03-30 23:00:00+00:00,Denver Nuggets,Sacramento Kings
2011-03-30 23:00:00+00:00,Indiana Pacers,Detroit Pistons
2011-03-30 23:30:00+00:00,Los Angeles Clippers,Dallas Mavericks
2011-03-30 23:00:00+00:00,Memphis Grizzlies,Golden State Warriors
2011-03-30 23:00:00+00:00,Minnesota Timberwolves,Chicago Bulls
2011-03-30 23:00:00+00:00,New Orleans Hornets,Portland Trail Blazers
2011-03-30 23:30:00+00:00,New York Knicks,New Jersey Nets
2011-03-30 23:00:00+00:00,Philadelphia 76ers,Houston Rockets
2011-03-30 23:00:00+00:00,Phoenix Suns,Oklahoma City Thunder
2011-03-30 23:00:00+00:00,Toronto Raptors,Milwaukee Bucks
2011-03-30 23:00:00+00:00,Washington Wizards,Miami Heat
2011-03-31 23:30:00+00:00,Los Angeles Lakers,Dallas Mavericks
2011-03-31 23:00:00+00:00,San Antonio Spurs,Boston Celtics
2011-04-02 00:00:00+00:00,Atlanta Hawks,Boston Celtics
2011-04-01 23:30:00+00:00,Detroit Pistons,Chicago Bulls
2011-04-01 23:30:00+00:00,Houston Rockets,San Antonio Spurs
2011-04-01 23:00:00+00:00,Indiana Pacers,Milwaukee Bucks
2011-04-01 23:00:00+00:00,Minnesota Timberwolves,Miami Heat
2011-04-01 23:00:00+00:00,New Orleans Hornets,Memphis Grizzlies
2011-04-01 23:00:00+00:00,Orlando Magic,Charlotte Bobcats
2011-04-01 23:00:00+00:00,Philadelphia 76ers,New Jersey Nets
2011-04-01 23:00:00+00:00,Phoenix Suns,Los Angeles Clippers
2011-04-01 23:00:00+00:00,Portland Trail Blazers,Oklahoma City Thunder
2011-04-01 23:00:00+00:00,Sacramento Kings,Denver Nuggets
2011-04-02 00:30:00+00:00,Utah Jazz,Los Angeles Lakers
2011-04-01 23:00:00+00:00,Washington Wizards,Cleveland Cavaliers
2011-04-02 23:00:00+00:00,Chicago Bulls,Toronto Raptors
2011-04-02 23:30:00+00:00,Golden State Warriors,Dallas Mavericks
2011-04-02 23:30:00+00:00,Los Angeles Clippers,Oklahoma City Thunder
2011-04-02 23:00:00+00:00,Memphis Grizzlies,Minnesota Timberwolves
2011-04-02 23:30:00+00:00,Milwaukee Bucks,Philadelphia 76ers
2011-04-03 22:00:00+00:00,Boston Celtics,Detroit Pistons
2011-04-03 22:00:00+00:00,Charlotte Bobcats,Washington Wizards
2011-04-03 22:00:00+00:00,Houston Rockets,Atlanta Hawks
2011-04-03 16:30:00+00:00,Los Angeles Lakers,Denver Nuggets
2011-04-03 22:00:00+00:00,New Jersey Nets,Miami Heat
2011-04-03 22:00:00+00:00,New Orleans Hornets,Indiana Pacers
2011-04-03 22:00:00+00:00,New York Knicks,Cleveland Cavaliers
2011-04-03 22:00:00+00:00,Portland Trail Blazers,Dallas Mavericks
2011-04-03 19:00:00+00:00,Sacramento Kings,Utah Jazz
2011-04-03 16:00:00+00:00,San Antonio Spurs,Phoenix Suns
2011-04-03 22:00:00+00:00,Toronto Raptors,Orlando Magic
2011-04-05 23:00:00+00:00,Atlanta Hawks,San Antonio Spurs
2011-04-05 23:30:00+00:00,Boston Celtics,Philadelphia 76ers
2011-04-05 23:00:00+00:00,Chicago Bulls,Phoenix Suns
2011-04-05 23:00:00+00:00,Cleveland Cavaliers,Charlotte Bobcats
2011-04-05 23:00:00+00:00,Denver Nuggets,Oklahoma City Thunder
2011-04-05 23:30:00+00:00,Houston Rockets,Sacramento Kings
2011-04-05 23:30:00+00:00,Los Angeles Lakers,Utah Jazz
2011-04-05 23:00:00+00:00,Memphis Grizzlies,Los Angeles Clippers
2011-04-05 23:00:00+00:00,New Jersey Nets,Minnesota Timberwolves
2011-04-05 23:30:00+00:00,New York Knicks,Toronto Raptors
2011-04-05 23:00:00+00:00,Orlando Magic,Milwaukee Bucks
2011-04-05 23:00:00+00:00,Portland Trail Blazers,Golden State Warriors
2011-04-05 23:00:00+00:00,Washington Wizards,Detroit Pistons
2011-04-06 23:00:00+00:00,Charlotte Bobcats,Orlando Magic
2011-04-06 23:30:00+00:00,Dallas Mavericks,Denver Nuggets
2011-04-06 23:30:00+00:00,Detroit Pistons,New Jersey Nets
2011-04-06 23:30:00+00:00,Golden State Warriors,Los Angeles Lakers
2011-04-06 23:00:00+00:00,Indiana Pacers,Washington Wizards
2011-04-07 00:00:00+00:00,Miami Heat,Milwaukee Bucks
2011-04-06 23:00:00+00:00,Minnesota Timberwolves,Phoenix Suns
2011-04-06 23:00:00+00:00,New Orleans Hornets,Houston Rockets
2011-04-06 23:00:00+00:00,Oklahoma City Thunder,Los Angeles Clippers
2011-04-06 23:00:00+00:00,Philadelphia 76ers,New York Knicks
2011-04-06 23:30:00+00:00,San Antonio Spurs,Sacramento Kings
2011-04-06 23:00:00+00:00,Toronto Raptors,Cleveland Cavaliers
2011-04-07 23:00:00+00:00,Chicago Bulls,Boston Celtics
2011-04-08 00:30:00+00:00,Utah Jazz,Portland Trail Blazers
2011-04-08 23:30:00+00:00,Boston Celtics,Washington Wizards
2011-04-08 23:30:00+00:00,Cleveland Cavaliers,Chicago Bulls
2011-04-08 23:30:00+00:00,Dallas Mavericks,Los Angeles Clippers
2011-04-08 23:30:00+00:00,Detroit Pistons,Milwaukee Bucks
2011-04-08 23:00:00+00:00,Indiana Pacers,Atlanta Hawks
2011-04-08 23:00:00+00:00,Memphis Grizzlies,Sacramento Kings
2011-04-08 23:30:00+00:00,Miami Heat,Charlotte Bobcats
2011-04-08 23:00:00+00:00,New Jersey Nets,New York Knicks
2011-04-08 23:00:00+00:00,New Orleans Hornets,Phoenix Suns
2011-04-08 23:00:00+00:00,Oklahoma City Thunder,Denver Nuggets
2011-04-08 23:00:00+00:00,Philadelphia 76ers,Toronto Raptors
2011-04-08 23:00:00+00:00,Portland Trail Blazers,Los Angeles Lakers
2011-04-09 23:00:00+00:00,Denver Nuggets,Minnesota Timberwolves
2011-04-09 23:30:00+00:00,Houston Rockets,Los Angeles Clippers
2011-04-09 23:30:00+00:00,Milwaukee Bucks,Cleveland Cavaliers
2011-04-09 23:30:00+00:00,San Antonio Spurs,Utah Jazz
2011-04-09 23:00:00+00:00,Washington Wizards,Atlanta Hawks
2011-04-10 22:00:00+00:00,Charlotte Bobcats,Detroit Pistons
2011-04-10 22:30:00+00:00,Dallas Mavericks,Phoenix Suns
2011-04-10 22:00:00+00:00,Golden State Warriors,Sacramento Kings
2011-04-10 23:00:00+00:00,Indiana Pacers,New York Knicks
2011-04-10 22:30:00+00:00,Los Angeles Lakers,Oklahoma City Thunder
2011-04-10 21:00:00+00:00,Memphis Grizzlies,New Orleans Hornets
2011-04-10 19:30:00+00:00,Miami Heat,Boston Celtics
2011-04-10 17:00:00+00:00,Orlando Magic,Chicago Bulls
2011-04-10 22:00:00+00:00,Toronto Raptors,New Jersey Nets
2011-04-11 23:00:00+00:00,Atlanta Hawks,Miami Heat
2011-04-11 23:00:00+00:00,Denver Nuggets,Golden State Warriors
2011-04-11 23:30:00+00:00,Detroit Pistons,Cleveland Cavaliers
2011-04-11 23:30:00+00:00,Houston Rockets,Dallas Mavericks
2011-04-11 23:00:00+00:00,Milwaukee Bucks,Toronto Raptors
2011-04-11 23:00:00+00:00,New Jersey Nets,Charlotte Bobcats
2011-04-11 23:00:00+00:00,New Orleans Hornets,Utah Jazz
2011-04-11 23:00:00+00:00,Philadelphia 76ers,Orlando Magic
2011-04-11 23:00:00+00:00,Phoenix Suns,Minnesota Timberwolves
2011-04-11 23:00:00+00:00,Sacramento Kings,Oklahoma City Thunder
2011-04-11 23:00:00+00:00,Washington Wizards,Boston Celtics
2011-04-12 23:30:00+00:00,Los Angeles Lakers,San Antonio Spurs
2011-04-13 00:00:00+00:00,New York Knicks,Chicago Bulls
2011-04-12 23:00:00+00:00,Portland Trail Blazers,Memphis Grizzlies
2011-04-14 00:00:00+00:00,Boston Celtics,New York Knicks
2011-04-14 00:00:00+00:00,Charlotte Bobcats,Atlanta Hawks
2011-04-13 23:00:00+00:00,Chicago Bulls,New Jersey Nets
2011-04-14 00:00:00+00:00,Cleveland Cavaliers,Washington Wizards
2011-04-13 23:00:00+00:00,Dallas Mavericks,New Orleans Hornets
2011-04-13 23:30:00+00:00,Golden State Warriors,Portland Trail Blazers
2011-04-13 23:30:00+00:00,Los Angeles Clippers,Memphis Grizzlies
2011-04-13 23:00:00+00:00,Minnesota Timberwolves,Houston Rockets
2011-04-13 23:00:00+00:00,Oklahoma City Thunder,Milwaukee Bucks
2011-04-14 00:00:00+00:00,Orlando Magic,Indiana Pacers
2011-04-14 00:00:00+00:00,Philadelphia 76ers,Detroit Pistons
2011-04-13 23:30:00+00:00,Phoenix Suns,San Antonio Spurs
2011-04-13 23:30:00+00:00,Sacramento Kings,Los Angeles Lakers
2011-04-14 00:00:00+00:00,Toronto Raptors,Miami Heat
2011-04-13 22:00:00+00:00,Utah Jazz,Denver Nuggets
2011-04-16 16:00:00+00:00,Chicago Bulls,Indiana Pacers
2011-04-17 00:30:00+00:00,Dallas Mavericks,Portland Trail Blazers
2011-04-16 19:30:00+00:00,Miami Heat,Philadelphia 76ers
2011-04-16 23:00:00+00:00,Orlando Magic,Atlanta Hawks
2011-04-17 23:00:00+00:00,Boston Celtics,New York Knicks
2011-04-17 16:30:00+00:00,Los Angeles Lakers,New Orleans Hornets
2011-04-18 00:30:00+00:00,Oklahoma City Thunder,Denver Nuggets
2011-04-17 16:00:00+00:00,San Antonio Spurs,Memphis Grizzlies
2011-04-19 00:30:00+00:00,Chicago Bulls,Indiana Pacers
2011-04-18 23:00:00+00:00,Miami Heat,Philadelphia 76ers
2011-04-19 23:00:00+00:00,Boston Celtics,New York Knicks
2011-04-20 00:30:00+00:00,Dallas Mavericks,Portland Trail Blazers
2011-04-19 23:30:00+00:00,Orlando Magic,Atlanta Hawks
2011-04-20 23:30:00+00:00,Los Angeles Lakers,New Orleans Hornets
2011-04-20 23:00:00+00:00,Oklahoma City Thunder,Denver Nuggets
2011-04-20 23:30:00+00:00,San Antonio Spurs,Memphis Grizzlies
2011-04-21 23:00:00+00:00,Indiana Pacers,Chicago Bulls
2011-04-22 00:00:00+00:00,Philadelphia 76ers,Miami Heat
2011-04-21 23:30:00+00:00,Portland Trail Blazers,Dallas Mavericks
2011-04-23 00:00:00+00:00,Atlanta Hawks,Orlando Magic
2011-04-23 00:30:00+00:00,New Orleans Hornets,Los Angeles Lakers
2011-04-22 23:00:00+00:00,New York Knicks,Boston Celtics
2011-04-24 00:00:00+00:00,Denver Nuggets,Oklahoma City Thunder
2011-04-23 18:30:00+00:00,Indiana Pacers,Chicago Bulls
2011-04-23 22:30:00+00:00,Memphis Grizzlies,San Antonio Spurs
2011-04-23 18:00:00+00:00,Portland Trail Blazers,Dallas Mavericks
2011-04-24 23:00:00+00:00,Atlanta Hawks,Orlando Magic
2011-04-25 00:30:00+00:00,New Orleans Hornets,Los Angeles Lakers
2011-04-24 19:30:00+00:00,New York Knicks,Boston Celtics
2011-04-24 17:00:00+00:00,Philadelphia 76ers,Miami Heat
2011-04-25 23:30:00+00:00,Dallas Mavericks,Portland Trail Blazers
2011-04-26 00:30:00+00:00,Denver Nuggets,Oklahoma City Thunder
2011-04-25 23:00:00+00:00,Memphis Grizzlies,San Antonio Spurs
2011-04-26 23:00:00+00:00,Chicago Bulls,Indiana Pacers
2011-04-26 23:30:00+00:00,Los Angeles Lakers,New Orleans Hornets
2011-04-26 23:30:00+00:00,Orlando Magic,Atlanta Hawks
2011-04-27 23:00:00+00:00,Miami Heat,Philadelphia 76ers
2011-04-28 00:30:00+00:00,Oklahoma City Thunder,Denver Nuggets
2011-04-27 23:30:00+00:00,San Antonio Spurs,Memphis Grizzlies
2011-04-28 23:30:00+00:00,Atlanta Hawks,Orlando Magic
2011-04-28 23:00:00+00:00,New Orleans Hornets,Los Angeles Lakers
2011-04-28 23:30:00+00:00,Portland Trail Blazers,Dallas Mavericks
2011-04-30 00:00:00+00:00,Memphis Grizzlies,San Antonio Spurs
2011-05-01 19:30:00+00:00,Miami Heat,Boston Celtics
2011-05-01 16:00:00+00:00,Oklahoma City Thunder,Memphis Grizzlies
2011-05-02 23:00:00+00:00,Chicago Bulls,Atlanta Hawks
2011-05-02 23:30:00+00:00,Los Angeles Lakers,Dallas Mavericks
2011-05-03 23:00:00+00:00,Miami Heat,Boston Celtics
2011-05-04 00:30:00+00:00,Oklahoma City Thunder,Memphis Grizzlies
2011-05-04 23:00:00+00:00,Chicago Bulls,Atlanta Hawks
2011-05-04 23:30:00+00:00,Los Angeles Lakers,Dallas Mavericks
2011-05-06 23:00:00+00:00,Atlanta Hawks,Chicago Bulls
2011-05-07 00:30:00+00:00,Dallas Mavericks,Los Angeles Lakers
2011-05-08 00:00:00+00:00,Boston Celtics,Miami Heat
2011-05-07 20:00:00+00:00,Memphis Grizzlies,Oklahoma City Thunder
2011-05-09 00:00:00+00:00,Atlanta Hawks,Chicago Bulls
2011-05-08 18:30:00+00:00,Dallas Mavericks,Los Angeles Lakers
2011-05-09 23:00:00+00:00,Boston Celtics,Miami Heat
2011-05-10 00:30:00+00:00,Memphis Grizzlies,Oklahoma City Thunder
2011-05-10 23:00:00+00:00,Chicago Bulls,Atlanta Hawks
2011-05-11 23:00:00+00:00,Miami Heat,Boston Celtics
2011-05-12 00:30:00+00:00,Oklahoma City Thunder,Memphis Grizzlies
2011-05-13 00:00:00+00:00,Atlanta Hawks,Chicago Bulls
2011-05-14 00:00:00+00:00,Memphis Grizzlies,Oklahoma City Thunder
2011-05-15 23:00:00+00:00,Chicago Bulls,Miami Heat
2011-05-15 18:30:00+00:00,Oklahoma City Thunder,Memphis Grizzlies
2011-05-18 00:00:00+00:00,Dallas Mavericks,Oklahoma City Thunder
2011-05-18 23:30:00+00:00,Chicago Bulls,Miami Heat
2011-05-20 00:00:00+00:00,Dallas Mavericks,Oklahoma City Thunder
2011-05-22 00:00:00+00:00,Oklahoma City Thunder,Dallas Mavericks
2011-05-23 00:30:00+00:00,Miami Heat,Chicago Bulls
2011-05-24 00:00:00+00:00,Oklahoma City Thunder,Dallas Mavericks
2011-05-25 00:30:00+00:00,Miami Heat,Chicago Bulls
2011-05-26 00:00:00+00:00,Dallas Mavericks,Oklahoma City Thunder
2011-05-26 23:30:00+00:00,Chicago Bulls,Miami Heat
2011-06-01 01:00:00+00:00,Miami Heat,Dallas Mavericks
2011-06-03 01:00:00+00:00,Miami Heat,Dallas Mavericks
2011-06-05 23:00:00+00:00,Dallas Mavericks,Miami Heat
2011-06-08 00:00:00+00:00,Dallas Mavericks,Miami Heat
2011-06-10 00:00:00+00:00,Dallas Mavericks,Miami Heat
2011-06-13 00:00:00+00:00,Miami Heat,Dallas Mavericks
